Workbook

Sheet 说明与汇总
A1: Mango Mock UI 全元素与 mangoautomation 操作覆盖测试设计
A3: 目标：以新版 data-testid 为唯一稳定定位入口，逐一覆盖所有交互控件，并验证 mangoautomation 同步 Web 层公开的 103 种操作/断言方法。该工作簿是测试设计，不代表已启动浏览器执行。
A6: 元素ID总数 | C6: 交互控件总数 | E6: 操作目录总数 | G6: mangoautomation已支持
A7: =COUNTA('全元素清单'!$B$2:$B$301) | C7: =COUNTA('交互元素逐一操作'!$D$2:$D$201) | E7: =COUNTA('操作方法覆盖'!$E$2:$E$151) | G7: =COUNTIF('操作方法覆盖'!$Q$2:$Q$151,"已支持")
A10: 执行基址 | B10: ${base_url}/
A11: 定位规范 | B11: 统一使用 [data-testid="元素ID"]，禁止依赖动态 class 或文本作为主定位器
A12: 测试隔离 | B12: 业务/UI 协议用例先创建 test_run，注入 X-Test-Run-ID 与 X-Tenant-ID
A13: 运行时 | B13: WebDriverFactory.create_sync_runtime + BaseData.bind_web + SyncWebDevice
A14: 点击范围 | B14: 130 个交互控件逐一操作；禁用控件只做禁用断言，其余只读元素进入全元素清单
A15: 执行建议 | B15: 按页面和序号串行执行；弹窗、页签、上传下载、权限操作单独分组
A16: HTML来源 | B16: /Users/mango/code/mango-mock/app/web/static/index.html
A17: 操作来源 | B17: /Users/mango/code/mango-mock/app/web/static/js/components.js
A20: 执行顺序 | B20: 1. 创建运行并登录 | C20: 2. 基础元素操作 | D20: 3. 表单/上传下载 | E20: 4. 弹窗/页签 | F20: 5. 断言 | G20: 6. 协议交互 | H20: 7. 清理运行
A21: 失败处理 | B21: 记录截图 | C21: 保存 operation-event-log | D21: 保存元素ID | E21: 保存方法和参数 | F21: 保留 trace_id | G21: 标记阻塞 | H21: 继续安全用例
A22: 禁止 | B22: 不使用旧元素ID | C22: 不硬编码动态class | D22: 不跨 test_run 复用Token | E22: 不并行操作同一页面 | F22: 不吞异常 | G22: 不跳过清理 | H22: 不直接改远端数据
A23: 状态 | B23: 待执行 | C23: 执行中 | D23: 通过 | E23: 失败 | F23: 阻塞 | G23: 不适用 | H23: 需人工确认

Sheet 操作方法覆盖
A1: 序号 | B1: 用例ID | C1: 分组 | D1: 自动化类型 | E1: 方法 | F1: 方法说明 | G1: 目标元素ID | H1: 定位方式 | I1: 定位表达式 | J1: 参数签名 | K1: 操作参数(JSON) | L1: 前置条件 | M1: 预期结果 | N1: 验证元素ID | O1: 优先级 | P1: 执行状态 | Q1: 支持状态 | R1: 源码位置 | S1: 备注
A2: 1 | B2: UI-OP-001 | C2: 元素操作 | D2: 操作 | E2: w_click | F2: 元素单击 | G2: single-click-target | H2: TEST_ID | I2: [data-testid="single-click-target"] | J2: locating | K2: {} | L2: 打开首页；点击 nav-components；等待 components-page 可见 | M2: 元素单击执行成功，operation-event-log/关联状态元素发生预期变化 | N2: operation-event-log | O2: P0 | P2: 待执行 | Q2: 已支持 | R2: _element.py:62
A3: 2 | B3: UI-OP-002 | C3: 元素操作 | D3: 操作 | E3: w_dblclick | F3: 元素双击 | G3: double-click-target | H3: TEST_ID | I3: [data-testid="double-click-target"] | J3: locating | K3: {} | L3: 打开首页；点击 nav-components；等待 components-page 可见 | M3: 元素双击执行成功，operation-event-log/关联状态元素发生预期变化 | N3: operation-event-log | O3: P2 | P3: 待执行 | Q3: 已支持 | R3: _element.py:67
A4: 3 | B4: UI-OP-003 | C4: 元素操作 | D4: 操作 | E4: w_force_click | F4: 强制单击 | G4: force-click-target | H4: TEST_ID | I4: [data-testid="force-click-target"] | J4: locating | K4: {} | L4: 打开首页；点击 nav-components；等待 components-page 可见 | M4: 强制单击执行成功，operation-event-log/关联状态元素发生预期变化 | N4: operation-event-log | O4: P2 | P4: 待执行 | Q4: 已支持 | R4: _element.py:72
A5: 4 | B5: UI-OP-004 | C5: 元素操作 | D5: 操作 | E5: w_input | F5: 元素输入 | G5: keyboard-target | H5: TEST_ID | I5: [data-testid="keyboard-target"] | J5: locating, input_value | K5: {"input_value":"AUTO_UI_INPUT"} | L5: 打开首页；点击 nav-components；等待 components-page 可见 | M5: 元素输入执行成功，operation-event-log/关联状态元素发生预期变化 | N5: operation-event-log | O5: P0 | P5: 待执行 | Q5: 已支持 | R5: _element.py:84
A6: 5 | B6: UI-OP-005 | C6: 元素操作 | D6: 操作 | E6: w_hover | F6: 鼠标悬停 | G6: hover-target | H6: TEST_ID | I6: [data-testid="hover-target"] | J6: locating | K6: {} | L6: 打开首页；点击 nav-components；等待 components-page 可见 | M6: 鼠标悬停执行成功，operation-event-log/关联状态元素发生预期变化 | N6: operation-event-log | O6: P2 | P6: 待执行 | Q6: 已支持 | R6: _element.py:89
A7: 6 | B7: UI-OP-006 | C7: 元素操作 | D7: 操作 | E7: w_get_text | F7: 获取元素文本 | G7: read-text-target | H7: TEST_ID | I7: [data-testid="read-text-target"] | J7: locating, set_cache_key | K7: {"set_cache_key":"ui_read_text"} | L7: 打开首页；点击 nav-components；等待 components-page 可见 | M7: 获取元素文本成功，返回值非空并写入指定缓存键 | N7: operation-event-log | O7: P2 | P7: 待执行 | Q7: 已支持 | R7: _element.py:97
A8: 7 | B8: UI-OP-007 | C8: 元素操作 | D8: 操作 | E8: w_clear_input | F8: 元素清空再输入 | G8: keyboard-target | H8: TEST_ID | I8: [data-testid="keyboard-target"] | J8: locating, input_value | K8: {"input_value":"AUTO_UI_RESET"} | L8: 打开首页；点击 nav-components；等待 components-page 可见 | M8: 元素清空再输入执行成功，operation-event-log/关联状态元素发生预期变化 | N8: operation-event-log | O8: P2 | P8: 待执行 | Q8: 已支持 | R8: _element.py:126
A9: 8 | B9: UI-OP-008 | C9: 元素操作 | D9: 操作 | E9: w_many_click | F9: 多元素循环单击 | G9: many-click-targets | H9: TEST_ID | I9: [data-testid="many-click-targets"] | J9: locating | K9: {} | L9: 打开首页；点击 nav-components；等待 components-page 可见 | M9: 多元素循环单击执行成功，operation-event-log/关联状态元素发生预期变化 | N9: operation-event-log | O9: P2 | P9: 待执行 | Q9: 已支持 | R9: _element.py:132
A10: 9 | B10: UI-OP-009 | C10: 元素操作 | D10: 操作 | E10: w_upload_files | F10: 上传文件 | G10: ui-file-input | H10: TEST_ID | I10: [data-testid="ui-file-input"] | J10: locating, file_path | K10: {"file_path":"${project_root}/auto_tests/ui/simple_ui/data/upload.txt"} | L10: 打开首页；点击 nav-components；等待 components-page 可见 | M10: 文件选择成功，页面显示上传文件信息且无业务错误 | N10: operation-event-log | O10: P0 | P10: 待执行 | Q10: 已支持 | R10: _element.py:143
A11: 10 | B11: UI-OP-010 | C11: 元素操作 | D11: 操作 | E11: w_download | F11: 下载文件 | G11: download-file | H11: TEST_ID | I11: [data-testid="download-file"] | J11: locating, file_key | K11: {"file_key":"ui_download_path"} | L11: 打开首页；点击 nav-components；等待 components-page 可见 | M11: 触发下载，文件存在且下载路径写入缓存 | N11: operation-event-log | O11: P1 | P11: 待执行 | Q11: 已支持 | R11: _element.py:207
A12: 11 | B12: UI-OP-011 | C12: 元素操作 | D12: 操作 | E12: w_scroll_to_element | F12: 滚动到元素位置 | G12: assert-out-of-viewport | H12: TEST_ID | I12: [data-testid="assert-out-of-viewport"] | J12: locating | K12: {} | L12: 打开首页；点击 nav-components；等待 components-page 可见；保持目标位于滚动容器视窗外 | M12: 滚动到元素位置执行成功，operation-event-log/关联状态元素发生预期变化 | N12: scroll-event-status | O12: P2 | P12: 待执行 | Q12: 已支持 | R12: _element.py:219
A13: 12 | B13: UI-OP-012 | C13: 元素操作 | D13: 操作 | E13: w_right_click | F13: 元素右键点击 | G13: right-click-target | H13: TEST_ID | I13: [data-testid="right-click-target"] | J13: locating | K13: {} | L13: 打开首页；点击 nav-components；等待 components-page 可见 | M13: 元素右键点击执行成功，operation-event-log/关联状态元素发生预期变化 | N13: operation-event-log | O13: P2 | P13: 待执行 | Q13: 已支持 | R13: _element.py:224
... A19: 18 | B19: UI-OP-018 | C19: 元素操作 | D19: 操作 | E19: w_ele_screenshot | F19: 元素截图 | G19: read-text-target | H19: TEST_ID | I19: [data-testid="read-text-target"] | J19: locating, path | K19: {"path":"${screenshot_dir}/read-text-target.png"} | L19: 打开首页；点击 nav-components；等待 components-page 可见 | M19: 元素截图执行成功，operation-event-log/关联状态元素发生预期变化 | N19: operation-event-log | O19: P2 | P19: 待执行 | Q19: 已支持 | R19: _element.py:317
A20: 19 | B20: UI-OP-019 | C20: 元素操作 | D20: 操作 | E20: w_drag_to | F20: 拖动A元素到达B | G20: drag-source | H20: TEST_ID | I20: [data-testid="drag-source"] | J20: locating1, locating2 | K20: {"target_element_id":"drop-target"} | L20: 打开首页；点击 nav-components；等待 components-page 可见；目标元素为 drop-target | M20: 拖动动作完成，operation-event-log 或 drop-target 状态更新 | N20: pointer-event-status | O20: P1 | P20: 待执行 | Q20: 已支持 | R20: _element.py:324 | S20: 执行器需把 target_element_id 解析为第二个 Locator
A21: 20 | B21: UI-OP-020 | C21: 元素操作 | D21: 操作 | E21: w_clear | F21: 清空输入框 | G21: keyboard-target | H21: TEST_ID | I21: [data-testid="keyboard-target"] | J21: locating | K21: {} | L21: 打开首页；点击 nav-components；等待 components-page 可见 | M21: 清空输入框执行成功，operation-event-log/关联状态元素发生预期变化 | N21: operation-event-log | O21: P2 | P21: 待执行 | Q21: 已支持 | R21: _element.py:329
A22: 21 | B22: UI-OP-021 | C22: 元素操作 | D22: 操作 | E22: w_type | F22: 逐字输入 | G22: keyboard-target | H22: TEST_ID | I22: [data-testid="keyboard-target"] | J22: locating, text | K22: {"text":"AUTO_TYPE"} | L22: 打开首页；点击 nav-components；等待 components-page 可见 | M22: 逐字输入执行成功，operation-event-log/关联状态元素发生预期变化 | N22: operation-event-log | O22: P2 | P22: 待执行 | Q22: 已支持 | R22: _element.py:336
A23: 22 | B23: UI-OP-022 | C23: 元素操作 | D23: 操作 | E23: w_press_sequentially | F23: 逐字输入并触发键盘事件 | G23: keyboard-target | H23: TEST_ID | I23: [data-testid="keyboard-target"] | J23: locating, text | K23: {"text":"AUTO_KEYS"} | L23: 打开首页；点击 nav-components；等待 components-page 可见 | M23: 逐字输入并触发键盘事件执行成功，operation-event-log/关联状态元素发生预期变化 | N23: operation-event-log | O23: P2 | P23: 待执行 | Q23: 已支持 | R23: _element.py:343
A24: 23 | B24: UI-OP-023 | C24: 元素操作 | D24: 操作 | E24: w_press | F24: 元素按键 | G24: keyboard-target | H24: TEST_ID | I24: [data-testid="keyboard-target"] | J24: locating, key | K24: {"key":"Control+A"} | L24: 打开首页；点击 nav-components；等待 components-page 可见 | M24: 元素按键执行成功，operation-event-log/关联状态元素发生预期变化 | N24: operation-event-log | O24: P2 | P24: 待执行 | Q24: 已支持 | R24: _element.py:350
A25: 24 | B25: UI-OP-024 | C25: 元素操作 | D25: 操作 | E25: w_focus | F25: 元素聚焦 | G25: keyboard-target | H25: TEST_ID | I25: [data-testid="keyboard-target"] | J25: locating | K25: {} | L25: 打开首页；点击 nav-components；等待 components-page 可见 | M25: 元素聚焦执行成功，operation-event-log/关联状态元素发生预期变化 | N25: operation-event-log | O25: P2 | P25: 待执行 | Q25: 已支持 | R25: _element.py:355
A26: 25 | B26: UI-OP-025 | C26: 元素操作 | D26: 操作 | E26: w_blur | F26: 元素失焦 | G26: keyboard-target | H26: TEST_ID | I26: [data-testid="keyboard-target"] | J26: locating | K26: {} | L26: 打开首页；点击 nav-components；等待 components-page 可见 | M26: 元素失焦执行成功，operation-event-log/关联状态元素发生预期变化 | N26: operation-event-log | O26: P2 | P26: 待执行 | Q26: 已支持 | R26: _element.py:360
A27: 26 | B27: UI-OP-026 | C27: 元素操作 | D27: 操作 | E27: w_check | F27: 勾选复选框或单选框 | G27: capability-assertion | H27: TEST_ID | I27: [data-testid="capability-assertion"] | J27: locating | K27: {} | L27: 打开首页；点击 nav-components；等待 components-page 可见 | M27: 勾选复选框或单选框执行成功，operation-event-log/关联状态元素发生预期变化 | N27: operation-event-log | O27: P0 | P27: 待执行 | Q27: 已支持 | R27: _element.py:365
A28: 27 | B28: UI-OP-027 | C28: 元素操作 | D28: 操作 | E28: w_uncheck | F28: 取消勾选复选框 | G28: capability-assertion | H28: TEST_ID | I28: [data-testid="capability-assertion"] | J28: locating | K28: {} | L28: 打开首页；点击 nav-components；等待 components-page 可见 | M28: 取消勾选复选框执行成功，operation-event-log/关联状态元素发生预期变化 | N28: operation-event-log | O28: P2 | P28: 待执行 | Q28: 已支持 | R28: _element.py:370
A29: 28 | B29: UI-OP-028 | C29: 元素操作 | D29: 操作 | E29: w_set_checked | F29: 设置选中状态 | G29: capability-assertion | H29: TEST_ID | I29: [data-testid="capability-assertion"] | J29: locating, checked | K29: {"checked":true} | L29: 打开首页；点击 nav-components；等待 components-page 可见 | M29: 设置选中状态执行成功，operation-event-log/关联状态元素发生预期变化 | N29: operation-event-log | O29: P2 | P29: 待执行 | Q29: 已支持 | R29: _element.py:377
A30: 29 | B30: UI-OP-029 | C30: 元素操作 | D30: 操作 | E30: w_select_option | F30: 选择下拉选项 | G30: single-select | H30: TEST_ID | I30: [data-testid="single-select"] | J30: locating, values | K30: {"values":"test"} | L30: 打开首页；点击 nav-components；等待 components-page 可见 | M30: 选择下拉选项执行成功，operation-event-log/关联状态元素发生预期变化 | N30: operation-event-log | O30: P0 | P30: 待执行 | Q30: 已支持 | R30: _element.py:384
A31: 30 | B31: UI-OP-030 | C31: 元素操作 | D31: 操作 | E31: w_select_text | F31: 选中文本 | G31: read-text-target | H31: TEST_ID | I31: [data-testid="read-text-target"] | J31: locating | K31: {} | L31: 打开首页；点击 nav-components；等待 components-page 可见 | M31: 选中文本执行成功，operation-event-log/关联状态元素发生预期变化 | N31: operation-event-log | O31: P2 | P31: 待执行 | Q31: 已支持 | R31: _element.py:389
A32: 31 | B32: UI-OP-031 | C32: 元素操作 | D32: 操作 | E32: w_tap | F32: 触摸点击 | G32: tap-target | H32: TEST_ID | I32: [data-testid="tap-target"] | J32: locating | K32: {} | L32: 打开首页；点击 nav-components；等待 components-page 可见 | M32: 触摸点击执行成功，operation-event-log/关联状态元素发生预期变化 | N32: operation-event-log | O32: P2 | P32: 待执行 | Q32: 已支持 | R32: _element.py:394
... A42: 41 | B42: UI-OP-041 | C42: 浏览器操作 | D42: 操作 | E42: w_screenshot | F42: 整个页面截图 | G42: components-page | H42: TEST_ID | I42: [data-testid="components-page"] | J42: path | K42: {"path":"${screenshot_dir}/mango-mock-page.png"} | L42: 打开首页；点击 nav-components；等待 components-page 可见 | M42: 整个页面截图执行成功，operation-event-log/关联状态元素发生预期变化 | N42: operation-event-log | O42: P2 | P42: 待执行 | Q42: 已支持 | R42: _browser.py:85
A43: 42 | B43: UI-OP-042 | C43: 浏览器操作 | D43: 操作 | E43: w_accept_dialog | F43: 自动接受弹窗 | G43: native-confirm | H43: TEST_ID | I43: [data-testid="native-confirm"] | K43: {} | L43: 打开首页；点击 nav-components；等待 components-page 可见；先点击 native-confirm 并注册接受弹窗处理 | M43: 原生弹窗被预期接受或取消，native-dialog-result 更新 | N43: native-dialog-result | O43: P1 | P43: 待执行 | Q43: 已支持 | R43: _browser.py:111
A44: 43 | B44: UI-OP-043 | C44: 浏览器操作 | D44: 操作 | E44: w_dismiss_dialog | F44: 自动取消弹窗 | G44: native-confirm | H44: TEST_ID | I44: [data-testid="native-confirm"] | K44: {} | L44: 打开首页；点击 nav-components；等待 components-page 可见；先点击 native-confirm 并注册取消弹窗处理 | M44: 原生弹窗被预期接受或取消，native-dialog-result 更新 | N44: native-dialog-result | O44: P1 | P44: 待执行 | Q44: 已支持 | R44: _browser.py:116
A45: 44 | B45: UI-OP-044 | C45: 浏览器操作 | D45: 操作 | E45: w_get_cookie | F45: 获取cookie | G45: browser-storage-result | H45: TEST_ID | I45: [data-testid="browser-storage-result"] | K45: {} | L45: 打开首页；点击 nav-components；等待 components-page 可见 | M45: 获取cookie成功，返回值非空并写入指定缓存键 | N45: operation-event-log | O45: P2 | P45: 待执行 | Q45: 已支持 | R45: _browser.py:121
A46: 45 | B46: UI-OP-045 | C46: 浏览器操作 | D46: 操作 | E46: w_set_cookie | F46: 设置cookie | G46: seed-browser-storage | H46: TEST_ID | I46: [data-testid="seed-browser-storage"] | J46: storage_state | K46: {"storage_state":{"cookies":[{"name":"ui_case","value":"AUTO","domain":"${base_hostname}","path":"/"}],"origins":[]}} | L46: 打开首页；点击 nav-components；等待 components-page 可见 | M46: 设置cookie执行成功，operation-event-log/关联状态元素发生预期变化 | N46: operation-event-log | O46: P2 | P46: 待执行 | Q46: 已支持 | R46: _browser.py:128
A47: 46 | B47: UI-OP-046 | C47: 浏览器操作 | D47: 操作 | E47: w_clear_cookies | F47: 清除所有cookie | G47: clear-browser-storage | H47: TEST_ID | I47: [data-testid="clear-browser-storage"] | K47: {} | L47: 打开首页；点击 nav-components；等待 components-page 可见 | M47: 清除所有cookie执行成功，operation-event-log/关联状态元素发生预期变化 | N47: operation-event-log | O47: P2 | P47: 待执行 | Q47: 已支持 | R47: _browser.py:147
A48: 47 | B48: UI-OP-047 | C48: 浏览器操作 | D48: 操作 | E48: w_clear_storage | F48: 清除本地与会话存储 | G48: clear-browser-storage | H48: TEST_ID | I48: [data-testid="clear-browser-storage"] | K48: {} | L48: 打开首页；点击 nav-components；等待 components-page 可见 | M48: 清除本地与会话存储执行成功，operation-event-log/关联状态元素发生预期变化 | N48: operation-event-log | O48: P2 | P48: 待执行 | Q48: 已支持 | R48: _browser.py:152
A49: 48 | B49: UI-OP-048 | C49: 浏览器操作 | D49: 操作 | E49: w_wait_for_load_state | F49: 等待页面加载状态 | G49: components-page | H49: TEST_ID | I49: [data-testid="components-page"] | J49: state, timeout | K49: {"state":"domcontentloaded","timeout":30000} | L49: 打开首页；点击 nav-components；等待 components-page 可见 | M49: 等待页面加载状态执行成功，operation-event-log/关联状态元素发生预期变化 | N49: operation-event-log | O49: P2 | P49: 待执行 | Q49: 已支持 | R49: _browser.py:160
A50: 49 | B50: UI-OP-049 | C50: 浏览器操作 | D50: 操作 | E50: w_wait_for_url | F50: 等待URL匹配 | G50: history-result | H50: TEST_ID | I50: [data-testid="history-result"] | J50: url, timeout | K50: {"url":"**","timeout":5000} | L50: 打开首页；点击 nav-components；等待 components-page 可见 | M50: 等待URL匹配执行成功，operation-event-log/关联状态元素发生预期变化 | N50: history-result | O50: P2 | P50: 待执行 | Q50: 已支持 | R50: _browser.py:167
A51: 50 | B51: UI-OP-050 | C51: 浏览器操作 | D51: 操作 | E51: w_wait_for_selector | F51: 等待选择器状态 | G51: assert-attached | H51: TEST_ID | I51: [data-testid="assert-attached"] | J51: selector, state, timeout | K51: {"selector":"[data-testid=\"assert-attached\"]","state":"visible","timeout":5000} | L51: 打开首页；点击 nav-components；等待 components-page 可见 | M51: 等待选择器状态执行成功，operation-event-log/关联状态元素发生预期变化 | N51: operation-event-log | O51: P2 | P51: 待执行 | Q51: 已支持 | R51: _browser.py:175
A52: 51 | B52: UI-OP-051 | C52: 浏览器操作 | D52: 操作 | E52: w_wait_for_function | F52: 等待JS条件成立 | G52: operation-event-log | H52: TEST_ID | I52: [data-testid="operation-event-log"] | J52: expression, timeout | K52: {"expression":"() => document.readyState === 'complete'","timeout":5000} | L52: 打开首页；点击 nav-components；等待 components-page 可见 | M52: 等待JS条件成立执行成功，operation-event-log/关联状态元素发生预期变化 | N52: operation-event-log | O52: P2 | P52: 待执行 | Q52: 已支持 | R52: _browser.py:183
A53: 52 | B53: UI-OP-052 | C53: 浏览器操作 | D53: 操作 | E53: w_set_viewport_size | F53: 设置浏览器视口 | G53: components-page | H53: TEST_ID | I53: [data-testid="components-page"] | J53: width, height | K53: {"width":1440,"height":900} | L53: 打开首页；点击 nav-components；等待 components-page 可见 | M53: 设置浏览器视口执行成功，operation-event-log/关联状态元素发生预期变化 | N53: operation-event-log | O53: P2 | P53: 待执行 | Q53: 已支持 | R53: _browser.py:190
A54: 53 | B54: UI-OP-053 | C54: 浏览器操作 | D54: 操作 | E54: w_set_extra_http_headers | F54: 设置额外请求头 | G54: read-extra-headers | H54: TEST_ID | I54: [data-testid="read-extra-headers"] | J54: headers | K54: {"headers":{"X-Test-Run-ID":"${test_run_id}","X-Tenant-ID":"tenant-a"}} | L54: 打开首页；点击 nav-components；等待 components-page 可见 | M54: 设置额外请求头执行成功，operation-event-log/关联状态元素发生预期变化 | N54: operation-event-log | O54: P2 | P54: 待执行 | Q54: 已支持 | R54: _browser.py:196
A55: 54 | B55: UI-OP-054 | C55: 浏览器操作 | D55: 操作 | E55: w_add_init_script | F55: 注入初始化脚本 | G55: components-page | H55: TEST_ID | I55: [data-testid="components-page"] | J55: script | K55: {"script":"window.__mangoAutomationInit = true"} | L55: 打开首页；点击 nav-components；等待 components-page 可见 | M55: 注入初始化脚本执行成功，operation-event-log/关联状态元素发生预期变化 | N55: operation-event-log | O55: P2 | P55: 待执行 | Q55: 已支持 | R55: _browser.py:205
A56: 55 | B56: UI-OP-055 | C56: 浏览器操作 | D56: 操作 | E56: w_evaluate | F56: 执行JS脚本 | G56: operation-event-log | H56: TEST_ID | I56: [data-testid="operation-event-log"] | J56: script, set_cache_key | K56: {"script":"document.title","set_cache_key":"ui_eval_title"} | L56: 打开首页；点击 nav-components；等待 components-page 可见 | M56: 执行JS脚本成功，返回值非空并写入指定缓存键 | N56: operation-event-log | O56: P2 | P56: 待执行 | Q56: 已支持 | R56: _browser.py:212
A57: 56 | B57: UI-OP-056 | C57: 浏览器操作 | D57: 操作 | E57: w_get_title | F57: 获取页面标题 | G57: components-page | H57: TEST_ID | I57: [data-testid="components-page"] | J57: set_cache_key | K57: {"set_cache_key":"ui_title"} | L57: 打开首页；点击 nav-components；等待 components-page 可见 | M57: 获取页面标题成功，返回值非空并写入指定缓存键 | N57: operation-event-log | O57: P2 | P57: 待执行 | Q57: 已支持 | R57: _browser.py:221
A58: 57 | B58: UI-OP-057 | C58: 浏览器操作 | D58: 操作 | E58: w_get_url | F58: 获取当前URL | G58: history-result | H58: TEST_ID | I58: [data-testid="history-result"] | J58: set_cache_key | K58: {"set_cache_key":"ui_url"} | L58: 打开首页；点击 nav-components；等待 components-page 可见 | M58: 获取当前URL成功，返回值非空并写入指定缓存键 | N58: history-result | O58: P2 | P58: 待执行 | Q58: 已支持 | R58: _browser.py:229
A59: 58 | B59: UI-OP-058 | C59: 浏览器操作 | D59: 操作 | E59: w_content | F59: 获取页面HTML | G59: main-content | H59: TEST_ID | I59: [data-testid="main-content"] | J59: set_cache_key | K59: {"set_cache_key":"ui_html"} | L59: 打开首页；点击 nav-components；等待 components-page 可见 | M59: 获取页面HTML成功，返回值非空并写入指定缓存键 | N59: operation-event-log | O59: P2 | P59: 待执行 | Q59: 已支持 | R59: _browser.py:237
A60: 59 | B60: UI-OP-059 | C60: 浏览器操作 | D60: 操作 | E60: w_grant_permissions | F60: 授权浏览器权限 | G60: components-page | H60: TEST_ID | I60: [data-testid="components-page"] | J60: permissions | K60: {"permissions":["clipboard-read","clipboard-write"]} | L60: 打开首页；点击 nav-components；等待 components-page 可见 | M60: 授权浏览器权限执行成功，operation-event-log/关联状态元素发生预期变化 | N60: operation-event-log | O60: P2 | P60: 待执行 | Q60: 已支持 | R60: _browser.py:245
A61: 60 | B61: UI-OP-060 | C61: 浏览器操作 | D61: 操作 | E61: w_clear_permissions | F61: 清除浏览器权限 | G61: components-page | H61: TEST_ID | I61: [data-testid="components-page"] | K61: {} | L61: 打开首页；点击 nav-components；等待 components-page 可见 | M61: 清除浏览器权限执行成功，operation-event-log/关联状态元素发生预期变化 | N61: operation-event-log | O61: P2 | P61: 待执行 | Q61: 已支持 | R61: _browser.py:250
A62: 61 | B62: UI-OP-061 | C62: 浏览器操作 | D62: 操作 | E62: w_keys | F62: 模拟按下指定的键 | G62: keyboard-target | H62: TEST_ID | I62: [data-testid="keyboard-target"] | J62: keyboard | K62: {"keyboard":"Control+A"} | L62: 打开首页；点击 nav-components；等待 components-page 可见 | M62: 模拟按下指定的键执行成功，operation-event-log/关联状态元素发生预期变化 | N62: keyboard-event-status | O62: P2 | P62: 待执行 | Q62: 已支持 | R62: _input_device.py:18
A63: 62 | B63: UI-OP-062 | C63: 键盘鼠标 | D63: 操作 | E63: w_wheel | F63: 鼠标上下滚动像素 | G63: scroll-operation-target | H63: TEST_ID | I63: [data-testid="scroll-operation-target"] | J63: y | K63: {"y":300} | L63: 打开首页；点击 nav-components；等待 components-page 可见 | M63: 鼠标上下滚动像素执行成功，operation-event-log/关联状态元素发生预期变化 | N63: scroll-event-status | O63: P2 | P63: 待执行 | Q63: 已支持 | R63: _input_device.py:24
A64: 63 | B64: UI-OP-063 | C64: 键盘鼠标 | D64: 操作 | E64: w_mouse_click | F64: 鼠标点击坐标 | G64: coordinate-pad | H64: TEST_ID | I64: [data-testid="coordinate-pad"] | J64: x, y | K64: {"x":120,"y":120} | L64: 打开首页；点击 nav-components；等待 components-page 可见 | M64: 鼠标点击坐标执行成功，operation-event-log/关联状态元素发生预期变化 | N64: pointer-event-status | O64: P2 | P64: 待执行 | Q64: 已支持 | R64: _input_device.py:31
A65: 64 | B65: UI-OP-064 | C65: 键盘鼠标 | D65: 操作 | E65: w_mouse_move_center | F65: 鼠标移动到中间 | G65: coordinate-pad | H65: TEST_ID | I65: [data-testid="coordinate-pad"] | K65: {} | L65: 打开首页；点击 nav-components；等待 components-page 可见 | M65: 鼠标移动到中间执行成功，operation-event-log/关联状态元素发生预期变化 | N65: pointer-event-status | O65: P2 | P65: 待执行 | Q65: 已支持 | R65: _input_device.py:45
A66: 65 | B66: UI-OP-065 | C66: 键盘鼠标 | D66: 操作 | E66: w_mouse_click_center | F66: 鼠标移动到中间并点击 | G66: coordinate-pad | H66: TEST_ID | I66: [data-testid="coordinate-pad"] | K66: {} | L66: 打开首页；点击 nav-components；等待 components-page 可见 | M66: 鼠标移动到中间并点击执行成功，operation-event-log/关联状态元素发生预期变化 | N66: pointer-event-status | O66: P2 | P66: 待执行 | Q66: 已支持 | R66: _input_device.py:51
A67: 66 | B67: UI-OP-066 | C67: 键盘鼠标 | D67: 操作 | E67: w_keyboard_type_text | F67: 模拟人工输入文字 | G67: keyboard-target | H67: TEST_ID | I67: [data-testid="keyboard-target"] | J67: text | K67: {"text":"AUTO_HUMAN_INPUT"} | L67: 打开首页；点击 nav-components；等待 components-page 可见 | M67: 模拟人工输入文字执行成功，operation-event-log/关联状态元素发生预期变化 | N67: keyboard-event-status | O67: P2 | P67: 待执行 | Q67: 已支持 | R67: _input_device.py:58
A68: 67 | B68: UI-OP-067 | C68: 键盘鼠标 | D68: 操作 | E68: w_keyboard_insert_text | F68: 直接输入文字 | G68: keyboard-target | H68: TEST_ID | I68: [data-testid="keyboard-target"] | J68: text | K68: {"text":"AUTO_INSERT"} | L68: 打开首页；点击 nav-components；等待 components-page 可见 | M68: 直接输入文字执行成功，operation-event-log/关联状态元素发生预期变化 | N68: keyboard-event-status | O68: P2 | P68: 待执行 | Q68: 已支持 | R68: _input_device.py:64
A69: 68 | B69: UI-OP-068 | C69: 键盘鼠标 | D69: 操作 | E69: w_keyboard_delete_text | F69: 删除光标左侧字符 | G69: keyboard-target | H69: TEST_ID | I69: [data-testid="keyboard-target"] | J69: count | K69: {"count":3} | L69: 打开首页；点击 nav-components；等待 components-page 可见 | M69: 删除光标左侧字符执行成功，operation-event-log/关联状态元素发生预期变化 | N69: keyboard-event-status | O69: P2 | P69: 待执行 | Q69: 已支持 | R69: _input_device.py:70
A70: 69 | B70: UI-OP-069 | C70: 键盘鼠标 | D70: 操作 | E70: w_keyboard_down | F70: 按下键盘按键 | G70: keyboard-target | H70: TEST_ID | I70: [data-testid="keyboard-target"] | J70: key | K70: {"key":"Shift"} | L70: 打开首页；点击 nav-components；等待 components-page 可见 | M70: 按下键盘按键执行成功，operation-event-log/关联状态元素发生预期变化 | N70: keyboard-event-status | O70: P2 | P70: 待执行 | Q70: 已支持 | R70: _input_device.py:77
A71: 70 | B71: UI-OP-070 | C71: 键盘鼠标 | D71: 操作 | E71: w_keyboard_up | F71: 松开键盘按键 | G71: keyboard-target | H71: TEST_ID | I71: [data-testid="keyboard-target"] | J71: key | K71: {"key":"Shift"} | L71: 打开首页；点击 nav-components；等待 components-page 可见 | M71: 松开键盘按键执行成功，operation-event-log/关联状态元素发生预期变化 | N71: keyboard-event-status | O71: P2 | P71: 待执行 | Q71: 已支持 | R71: _input_device.py:83
A72: 71 | B72: UI-OP-071 | C72: 键盘鼠标 | D72: 操作 | E72: w_keyboard_shortcut | F72: 键盘快捷键 | G72: keyboard-target | H72: TEST_ID | I72: [data-testid="keyboard-target"] | J72: shortcut | K72: {"shortcut":"Control+A"} | L72: 打开首页；点击 nav-components；等待 components-page 可见 | M72: 键盘快捷键执行成功，operation-event-log/关联状态元素发生预期变化 | N72: keyboard-event-status | O72: P2 | P72: 待执行 | Q72: 已支持 | R72: _input_device.py:89
A73: 72 | B73: UI-OP-072 | C73: 键盘鼠标 | D73: 操作 | E73: w_mouse_move | F73: 鼠标移动到坐标 | G73: coordinate-pad | H73: TEST_ID | I73: [data-testid="coordinate-pad"] | J73: x, y | K73: {"x":160,"y":160} | L73: 打开首页；点击 nav-components；等待 components-page 可见 | M73: 鼠标移动到坐标执行成功，operation-event-log/关联状态元素发生预期变化 | N73: pointer-event-status | O73: P2 | P73: 待执行 | Q73: 已支持 | R73: _input_device.py:96
A74: 73 | B74: UI-OP-073 | C74: 键盘鼠标 | D74: 操作 | E74: w_mouse_down | F74: 鼠标按下 | G74: coordinate-pad | H74: TEST_ID | I74: [data-testid="coordinate-pad"] | K74: {} | L74: 打开首页；点击 nav-components；等待 components-page 可见 | M74: 鼠标按下执行成功，operation-event-log/关联状态元素发生预期变化 | N74: pointer-event-status | O74: P2 | P74: 待执行 | Q74: 已支持 | R74: _input_device.py:101
A75: 74 | B75: UI-OP-074 | C75: 键盘鼠标 | D75: 操作 | E75: w_mouse_up | F75: 鼠标松开 | G75: coordinate-pad | H75: TEST_ID | I75: [data-testid="coordinate-pad"] | K75: {} | L75: 打开首页；点击 nav-components；等待 components-page 可见 | M75: 鼠标松开执行成功，operation-event-log/关联状态元素发生预期变化 | N75: pointer-event-status | O75: P2 | P75: 待执行 | Q75: 已支持 | R75: _input_device.py:106
A76: 75 | B76: UI-OP-075 | C76: 键盘鼠标 | D76: 操作 | E76: w_mouse_dblclick | F76: 鼠标双击坐标 | G76: coordinate-pad | H76: TEST_ID | I76: [data-testid="coordinate-pad"] | J76: x, y | K76: {"x":160,"y":160} | L76: 打开首页；点击 nav-components；等待 components-page 可见 | M76: 鼠标双击坐标执行成功，operation-event-log/关联状态元素发生预期变化 | N76: pointer-event-status | O76: P2 | P76: 待执行 | Q76: 已支持 | R76: _input_device.py:113
A77: 76 | B77: UI-OP-076 | C77: 键盘鼠标 | D77: 操作 | E77: w_mouse_right_click | F77: 鼠标右键点击坐标 | G77: coordinate-pad | H77: TEST_ID | I77: [data-testid="coordinate-pad"] | J77: x, y | K77: {"x":160,"y":160} | L77: 打开首页；点击 nav-components；等待 components-page 可见 | M77: 鼠标右键点击坐标执行成功，operation-event-log/关联状态元素发生预期变化 | N77: pointer-event-status | O77: P2 | P77: 待执行 | Q77: 已支持 | R77: _input_device.py:120
A78: 77 | B78: UI-OP-077 | C78: 键盘鼠标 | D78: 操作 | E78: w_mouse_wheel_xy | F78: 鼠标横纵滚动像素 | G78: scroll-operation-target | H78: TEST_ID | I78: [data-testid="scroll-operation-target"] | J78: x, y | K78: {"x":100,"y":300} | L78: 打开首页；点击 nav-components；等待 components-page 可见 | M78: 鼠标横纵滚动像素执行成功，operation-event-log/关联状态元素发生预期变化 | N78: pointer-event-status | O78: P2 | P78: 待执行 | Q78: 已支持 | R78: _input_device.py:127
A79: 78 | B79: UI-OP-078 | C79: 键盘鼠标 | D79: 操作 | E79: w_switch_tabs | F79: 切换页签 | G79: open-new-window | H79: TEST_ID | I79: [data-testid="open-new-window"] | J79: individual | K79: {"individual":1} | L79: 打开首页；点击 nav-components；等待 components-page 可见；先由 open-new-window/new-page 创建至少两个页签 | M79: 切换页签执行成功，operation-event-log/关联状态元素发生预期变化 | N79: history-result | O79: P1 | P79: 待执行 | Q79: 已支持 | R79: _page.py:21
A80: 79 | B80: UI-OP-079 | C80: 页签导航 | D80: 操作 | E80: w_close_current_tab | F80: 关闭当前页签 | G80: open-new-window | H80: TEST_ID | I80: [data-testid="open-new-window"] | K80: {} | L80: 打开首页；点击 nav-components；等待 components-page 可见；先由 open-new-window/new-page 创建至少两个页签 | M80: 关闭当前页签执行成功，operation-event-log/关联状态元素发生预期变化 | N80: history-result | O80: P1 | P80: 待执行 | Q80: 已支持 | R80: _page.py:30
A81: 80 | B81: UI-OP-080 | C81: 页签导航 | D81: 操作 | E81: w_open_new_tab_and_switch | F81: 点击并打开新页签 | G81: open-new-window | H81: TEST_ID | I81: [data-testid="open-new-window"] | J81: locating | K81: {"target_element_id":"open-new-window"} | L81: 打开首页；点击 nav-components；等待 components-page 可见；先由 open-new-window/new-page 创建至少两个页签 | M81: 点击并打开新页签执行成功，operation-event-log/关联状态元素发生预期变化 | N81: history-result | O81: P1 | P81: 待执行 | Q81: 已支持 | R81: _page.py:38 | S81: 执行器需把 target_element_id 解析为第二个 Locator
A82: 81 | B82: UI-OP-081 | C82: 页签导航 | D82: 操作 | E82: w_refresh | F82: 刷新页面 | G82: components-page | H82: TEST_ID | I82: [data-testid="components-page"] | K82: {} | L82: 打开首页；点击 nav-components；等待 components-page 可见 | M82: 刷新页面执行成功，operation-event-log/关联状态元素发生预期变化 | N82: operation-event-log | O82: P2 | P82: 待执行 | Q82: 已支持 | R82: _page.py:48
A83: 82 | B83: UI-OP-082 | C83: 页签导航 | D83: 操作 | E83: w_go_back | F83: 返回上一页 | G83: push-history-state | H83: TEST_ID | I83: [data-testid="push-history-state"] | K83: {} | L83: 打开首页；点击 nav-components；等待 components-page 可见；先点击 push-history-state 生成历史记录 | M83: 返回上一页执行成功，operation-event-log/关联状态元素发生预期变化 | N83: history-result | O83: P2 | P83: 待执行 | Q83: 已支持 | R83: _page.py:53
A84: 83 | B84: UI-OP-083 | C84: 页签导航 | D84: 操作 | E84: w_go_forward | F84: 前进到下一页 | G84: push-history-state | H84: TEST_ID | I84: [data-testid="push-history-state"] | K84: {} | L84: 打开首页；点击 nav-components；等待 components-page 可见；先点击 push-history-state 生成历史记录 | M84: 前进到下一页执行成功，operation-event-log/关联状态元素发生预期变化 | N84: history-result | O84: P2 | P84: 待执行 | Q84: 已支持 | R84: _page.py:58
A85: 84 | B85: UI-OP-084 | C85: 页签导航 | D85: 操作 | E85: w_new_page | F85: 新建页签 | G85: new-page | H85: TEST_ID | I85: [data-testid="new-page"] | K85: {} | L85: 打开首页；点击 nav-components；等待 components-page 可见 | M85: 新建页签执行成功，operation-event-log/关联状态元素发生预期变化 | N85: history-result | O85: P2 | P85: 待执行 | Q85: 已支持 | R85: _page.py:63
A86: 85 | B86: UI-OP-085 | C86: 页签导航 | D86: 操作 | E86: w_close_page_by_index | F86: 关闭指定页签 | G86: new-page | H86: TEST_ID | I86: [data-testid="new-page"] | J86: individual | K86: {"individual":1} | L86: 打开首页；点击 nav-components；等待 components-page 可见；先由 open-new-window/new-page 创建至少两个页签 | M86: 关闭指定页签执行成功，operation-event-log/关联状态元素发生预期变化 | N86: history-result | O86: P2 | P86: 待执行 | Q86: 已支持 | R86: _page.py:70
A87: 86 | B87: UI-OP-086 | C87: 页签导航 | D87: 操作 | E87: w_switch_latest_tab | F87: 切换到最新页签 | G87: new-page | H87: TEST_ID | I87: [data-testid="new-page"] | K87: {} | L87: 打开首页；点击 nav-components；等待 components-page 可见；先由 open-new-window/new-page 创建至少两个页签 | M87: 切换到最新页签执行成功，operation-event-log/关联状态元素发生预期变化 | N87: history-result | O87: P1 | P87: 待执行 | Q87: 已支持 | R87: _page.py:81
A88: 87 | B88: UI-OP-087 | C88: 页签导航 | D88: 断言 | E88: w_to_have_count | F88: 元素是几个 | G88: multiple-text-targets | H88: TEST_ID | I88: [data-testid="multiple-text-targets"] | J88: actual, expect | K88: {"expect":3} | L88: 打开首页；点击 nav-components；等待 components-page 可见 | M88: 元素是几个断言通过，不抛出 MangoAutomationError | N88: multiple-text-targets | O88: P2 | P88: 待执行 | Q88: 已支持 | R88: _assertion.py:186
A89: 88 | B89: UI-OP-088 | C89: 元素断言 | D89: 断言 | E89: a_assert_ele_exists | F89: 元素是否存在 | G89: assert-attached | H89: TEST_ID | I89: [data-testid="assert-attached"] | J89: actual | K89: {} | L89: 打开首页；点击 nav-components；等待 components-page 可见 | M89: 元素是否存在断言通过，不抛出 MangoAutomationError | N89: assert-attached | O89: P2 | P89: 待执行 | Q89: 已支持 | R89: _assertion.py:195
A90: 89 | B90: UI-OP-089 | C90: 元素断言 | D90: 断言 | E90: w_to_element_count | F90: 元素存在个数 | G90: multiple-text-targets | H90: TEST_ID | I90: [data-testid="multiple-text-targets"] | J90: actual, expect | K90: {"expect":3} | L90: 打开首页；点击 nav-components；等待 components-page 可见 | M90: 元素存在个数断言通过，不抛出 MangoAutomationError | N90: multiple-text-targets | O90: P2 | P90: 待执行 | Q90: 已支持 | R90: _assertion.py:217
A91: 90 | B91: UI-OP-090 | C91: 元素断言 | D91: 断言 | E91: w_not_to_contain_text | F91: 元素不包含文本 | G91: read-text-target | H91: TEST_ID | I91: [data-testid="read-text-target"] | J91: actual, expect | K91: {"expect":"NOT_EXIST"} | L91: 打开首页；点击 nav-components；等待 components-page 可见 | M91: 元素不包含文本断言通过，不抛出 MangoAutomationError | N91: read-text-target | O91: P2 | P91: 待执行 | Q91: 已支持 | R91: _assertion.py:242
A92: 91 | B92: UI-OP-091 | C92: 元素断言 | D92: 断言 | E92: w_not_to_be_empty | F92: 元素不为空 | G92: read-text-target | H92: TEST_ID | I92: [data-testid="read-text-target"] | J92: actual | K92: {} | L92: 打开首页；点击 nav-components；等待 components-page 可见 | M92: 元素不为空断言通过，不抛出 MangoAutomationError | N92: read-text-target | O92: P2 | P92: 待执行 | Q92: 已支持 | R92: _assertion.py:251
A93: 92 | B93: UI-OP-092 | C93: 元素断言 | D93: 断言 | E93: w_not_to_be_enabled | F93: 元素不启用 | G93: assert-disabled | H93: TEST_ID | I93: [data-testid="assert-disabled"] | J93: actual | K93: {} | L93: 打开首页；点击 nav-components；等待 components-page 可见 | M93: 元素不启用断言通过，不抛出 MangoAutomationError | N93: assert-disabled | O93: P2 | P93: 待执行 | Q93: 已支持 | R93: _assertion.py:260
A94: 93 | B94: UI-OP-093 | C94: 元素断言 | D94: 断言 | E94: w_not_to_be_focused | F94: 元素不聚焦 | G94: assert-editable | H94: TEST_ID | I94: [data-testid="assert-editable"] | J94: actual | K94: {} | L94: 打开首页；点击 nav-components；等待 components-page 可见 | M94: 元素不聚焦断言通过，不抛出 MangoAutomationError | N94: assert-editable | O94: P2 | P94: 待执行 | Q94: 已支持 | R94: _assertion.py:269
A95: 94 | B95: UI-OP-094 | C95: 元素断言 | D95: 断言 | E95: w_not_to_be_hidden | F95: 元素不可隐藏 | G95: assert-visible | H95: TEST_ID | I95: [data-testid="assert-visible"] | J95: actual | K95: {} | L95: 打开首页；点击 nav-components；等待 components-page 可见 | M95: 元素不可隐藏断言通过，不抛出 MangoAutomationError | N95: assert-visible | O95: P2 | P95: 待执行 | Q95: 已支持 | R95: _assertion.py:278
A96: 95 | B96: UI-OP-095 | C96: 元素断言 | D96: 断言 | E96: w_not_to_be_in_viewport | F96: 元素不在视窗中 | G96: assert-out-of-viewport | H96: TEST_ID | I96: [data-testid="assert-out-of-viewport"] | J96: actual | K96: {} | L96: 打开首页；点击 nav-components；等待 components-page 可见；保持目标位于滚动容器视窗外 | M96: 元素不在视窗中断言通过，不抛出 MangoAutomationError | N96: assert-out-of-viewport | O96: P2 | P96: 待执行 | Q96: 已支持 | R96: _assertion.py:287
A97: 96 | B97: UI-OP-096 | C97: 元素断言 | D97: 断言 | E97: w_not_to_be_visible | F97: 元素不可见 | G97: assert-hidden | H97: TEST_ID | I97: [data-testid="assert-hidden"] | J97: actual | K97: {} | L97: 打开首页；点击 nav-components；等待 components-page 可见 | M97: 元素不可见断言通过，不抛出 MangoAutomationError | N97: assert-hidden | O97: P2 | P97: 待执行 | Q97: 已支持 | R97: _assertion.py:296
A98: 97 | B98: UI-OP-097 | C98: 元素断言 | D98: 断言 | E98: w_not_to_have_class | F98: 元素没有阶级 | G98: assert-visible | H98: TEST_ID | I98: [data-testid="assert-visible"] | J98: actual, expect | K98: {"expect":"missing-class"} | L98: 打开首页；点击 nav-components；等待 components-page 可见 | M98: 元素没有阶级断言通过，不抛出 MangoAutomationError | N98: assert-visible | O98: P2 | P98: 待执行 | Q98: 已支持 | R98: _assertion.py:307
A99: 98 | B99: UI-OP-098 | C99: 元素断言 | D99: 断言 | E99: w_to_be_checked | F99: 复选框已选中 | G99: assert-checked | H99: TEST_ID | I99: [data-testid="assert-checked"] | J99: actual | K99: {} | L99: 打开首页；点击 nav-components；等待 components-page 可见 | M99: 复选框已选中断言通过，不抛出 MangoAutomationError | N99: assert-checked | O99: P2 | P99: 待执行 | Q99: 已支持 | R99: _assertion.py:316
... A104: 103 | B104: UI-OP-103 | C104: 元素断言 | D104: 断言 | E104: w_to_be_visible | F104: 元素可见 | G104: assert-visible | H104: TEST_ID | I104: [data-testid="assert-visible"] | J104: actual | K104: {} | L104: 打开首页；点击 nav-components；等待 components-page 可见 | M104: 元素可见断言通过，不抛出 MangoAutomationError | N104: assert-visible | O104: P0 | P104: 待执行 | Q104: 已支持 | R104: _assertion.py:366

Sheet 全元素清单
A1: 序号 | B1: 元素ID | C1: 所属页面 | D1: 标签 | E1: input类型 | F1: role | G1: 显示文本/说明 | H1: 定位表达式 | I1: 推荐方法 | J1: 可交互 | K1: 禁用 | L1: 方法目录覆盖 | M1: 测试策略 | N1: 执行状态 | O1: 备注
A2: 1 | B2: skip-to-content | C2: global | D2: a | G2: 跳到主要内容 | H2: [data-testid="skip-to-content"] | I2: w_click | J2: 是 | K2: 否 | L2: =IF(COUNTIF('操作方法覆盖'!$G$2:$G$104,B2)>0,"已覆盖","未直接覆盖") | M2: 进入交互元素逐一操作 | N2: 待执行
A3: 2 | B3: app-header | C3: global | D3: header | G3: Mango Mock 多协议自动化测试靶场 运行： 未创建 用户： 未登录 | H3: [data-testid="app-header"] | I3: w_get_text | J3: 否 | K3: 否 | L3: =IF(COUNTIF('操作方法覆盖'!$G$2:$G$104,B3)>0,"已覆盖","未直接覆盖") | M3: 只读/状态元素：定位、读取文本或作为结果验证元素 | N3: 待执行
A4: 3 | B4: brand-lockup | C4: global | D4: div | G4: Mango Mock 多协议自动化测试靶场 | H4: [data-testid="brand-lockup"] | I4: w_get_text | J4: 否 | K4: 否 | L4: =IF(COUNTIF('操作方法覆盖'!$G$2:$G$104,B4)>0,"已覆盖","未直接覆盖") | M4: 只读/状态元素：定位、读取文本或作为结果验证元素 | N4: 待执行
A5: 4 | B5: runtime-summary | C5: global | D5: div | G5: 运行： 未创建 用户： 未登录 | H5: [data-testid="runtime-summary"] | I5: w_get_text | J5: 否 | K5: 否 | L5: =IF(COUNTIF('操作方法覆盖'!$G$2:$G$104,B5)>0,"已覆盖","未直接覆盖") | M5: 只读/状态元素：定位、读取文本或作为结果验证元素 | N5: 待执行
A6: 5 | B6: current-run-id | C6: global | D6: code | G6: 未创建 | H6: [data-testid="current-run-id"] | I6: w_get_text | J6: 否 | K6: 否 | L6: =IF(COUNTIF('操作方法覆盖'!$G$2:$G$104,B6)>0,"已覆盖","未直接覆盖") | M6: 只读/状态元素：定位、读取文本或作为结果验证元素 | N6: 待执行
A7: 6 | B7: current-user | C7: global | D7: strong | G7: 未登录 | H7: [data-testid="current-user"] | I7: w_get_text | J7: 否 | K7: 否 | L7: =IF(COUNTIF('操作方法覆盖'!$G$2:$G$104,B7)>0,"已覆盖","未直接覆盖") | M7: 只读/状态元素：定位、读取文本或作为结果验证元素 | N7: 待执行
A8: 7 | B8: main-navigation | C8: global | D8: nav | G8: 场景目录 HTTP API SSE WebSocket MCP gRPC UI 自动化 | H8: [data-testid="main-navigation"] | I8: w_get_text | J8: 否 | K8: 否 | L8: =IF(COUNTIF('操作方法覆盖'!$G$2:$G$104,B8)>0,"已覆盖","未直接覆盖") | M8: 只读/状态元素：定位、读取文本或作为结果验证元素 | N8: 待执行
A9: 8 | B9: nav-scenarios | C9: global | D9: button | G9: 场景目录 | H9: [data-testid="nav-scenarios"] | I9: w_click | J9: 是 | K9: 否 | L9: =IF(COUNTIF('操作方法覆盖'!$G$2:$G$104,B9)>0,"已覆盖","未直接覆盖") | M9: 进入交互元素逐一操作 | N9: 待执行
A10: 9 | B10: nav-business | C10: global | D10: button | G10: HTTP API | H10: [data-testid="nav-business"] | I10: w_click | J10: 是 | K10: 否 | L10: =IF(COUNTIF('操作方法覆盖'!$G$2:$G$104,B10)>0,"已覆盖","未直接覆盖") | M10: 进入交互元素逐一操作 | N10: 待执行
A11: 10 | B11: nav-sse | C11: global | D11: button | G11: SSE | H11: [data-testid="nav-sse"] | I11: w_click | J11: 是 | K11: 否 | L11: =IF(COUNTIF('操作方法覆盖'!$G$2:$G$104,B11)>0,"已覆盖","未直接覆盖") | M11: 进入交互元素逐一操作 | N11: 待执行
A12: 11 | B12: nav-websocket | C12: global | D12: button | G12: WebSocket | H12: [data-testid="nav-websocket"] | I12: w_click | J12: 是 | K12: 否 | L12: =IF(COUNTIF('操作方法覆盖'!$G$2:$G$104,B12)>0,"已覆盖","未直接覆盖") | M12: 进入交互元素逐一操作 | N12: 待执行
A13: 12 | B13: nav-mcp | C13: global | D13: button | G13: MCP | H13: [data-testid="nav-mcp"] | I13: w_click | J13: 是 | K13: 否 | L13: =IF(COUNTIF('操作方法覆盖'!$G$2:$G$104,B13)>0,"已覆盖","未直接覆盖") | M13: 进入交互元素逐一操作 | N13: 待执行
... A18: 17 | B18: scenario-protocol | C18: scenariosPage | D18: select | G18: 全部协议 HTTP SSE WebSocket MCP gRPC | H18: [data-testid="scenario-protocol"] | I18: w_select_option | J18: 是 | K18: 否 | L18: =IF(COUNTIF('操作方法覆盖'!$G$2:$G$104,B18)>0,"已覆盖","未直接覆盖") | M18: 进入交互元素逐一操作 | N18: 待执行
A19: 18 | B19: scenario-keyword | C19: scenariosPage | D19: input | H19: [data-testid="scenario-keyword"] | I19: w_input | J19: 是 | K19: 否 | L19: =IF(COUNTIF('操作方法覆盖'!$G$2:$G$104,B19)>0,"已覆盖","未直接覆盖") | M19: 进入交互元素逐一操作 | N19: 待执行
A20: 19 | B20: refresh-scenarios | C20: scenariosPage | D20: button | E20: button | G20: 刷新目录 | H20: [data-testid="refresh-scenarios"] | I20: w_click | J20: 是 | K20: 否 | L20: =IF(COUNTIF('操作方法覆盖'!$G$2:$G$104,B20)>0,"已覆盖","未直接覆盖") | M20: 进入交互元素逐一操作 | N20: 待执行
A21: 20 | B21: scenario-catalog | C21: scenariosPage | D21: section | G21: 正在加载场景目录... | H21: [data-testid="scenario-catalog"] | I21: w_get_text | J21: 否 | K21: 否 | L21: =IF(COUNTIF('操作方法覆盖'!$G$2:$G$104,B21)>0,"已覆盖","未直接覆盖") | M21: 只读/状态元素：定位、读取文本或作为结果验证元素 | N21: 待执行
A22: 21 | B22: scenario-result | C22: scenariosPage | D22: pre | G22: 选择场景后可准备确定性数据或验证执行结果 | H22: [data-testid="scenario-result"] | I22: w_get_text | J22: 否 | K22: 否 | L22: =IF(COUNTIF('操作方法覆盖'!$G$2:$G$104,B22)>0,"已覆盖","未直接覆盖") | M22: 只读/状态元素：定位、读取文本或作为结果验证元素 | N22: 待执行
A23: 22 | B23: business-page | C23: global | D23: section | G23: HTTP API 靶场 创建隔离运行后，直接完成登录、订单、审批和异步审查流程 可直接执行 接入方式 标准 HTTP 接口统一位于 /api/v1 ，完整 OpenAPI 定义可在 Swagger 中查看。 打开 Swagger 准备运行 POST /api/v1/test-runs 获得 test_run_id 登录 | H23: [data-testid="business-page"] | I23: w_get_text | J23: 否 | K23: 否 | L23: =IF(COUNTIF('操作方法覆盖'!$G$2:$G$104,B23)>0,"已覆盖","未直接覆盖") | M23: 只读/状态元素：定位、读取文本或作为结果验证元素 | N23: 待执行
A24: 23 | B24: open-swagger | C24: httpPage | D24: a | G24: 打开 Swagger | H24: [data-testid="open-swagger"] | I24: w_click | J24: 是 | K24: 否 | L24: =IF(COUNTIF('操作方法覆盖'!$G$2:$G$104,B24)>0,"已覆盖","未直接覆盖") | M24: 进入交互元素逐一操作 | N24: 待执行
A25: 24 | B25: http-protocol-reference | C25: httpPage | D25: section | G25: HTTP 请求与响应契约 方法、请求体、成功响应和错误响应可直接用于平台配置。 GET POST PUT PATCH DELETE none json form raw multipart 请求实例 POST /api/v1/orders X-Test-Run-ID: run_xxx Authorization: Be | H25: [data-testid="http-protocol-reference"] | I25: w_get_text | J25: 否 | K25: 否 | L25: =IF(COUNTIF('操作方法覆盖'!$G$2:$G$104,B25)>0,"已覆盖","未直接覆盖") | M25: 只读/状态元素：定位、读取文本或作为结果验证元素 | N25: 待执行
A26: 25 | B26: http-method-types | C26: httpPage | D26: div | G26: GET POST PUT PATCH DELETE none json form raw multipart | H26: [data-testid="http-method-types"] | I26: w_get_text | J26: 否 | K26: 否 | L26: =IF(COUNTIF('操作方法覆盖'!$G$2:$G$104,B26)>0,"已覆盖","未直接覆盖") | M26: 只读/状态元素：定位、读取文本或作为结果验证元素 | N26: 待执行
A27: 26 | B27: http-request-example | C27: httpPage | D27: pre | G27: POST /api/v1/orders X-Test-Run-ID: run_xxx Authorization: Bearer token_xxx Idempotency-Key: ORDER-001 {"items":[{"product_id":1,"quantity":2}]} | H27: [data-testid="http-request-example"] | I27: w_get_text | J27: 否 | K27: 否 | L27: =IF(COUNTIF('操作方法覆盖'!$G$2:$G$104,B27)>0,"已覆盖","未直接覆盖") | M27: 只读/状态元素：定位、读取文本或作为结果验证元素 | N27: 待执行
A28: 27 | B28: http-response-example | C28: httpPage | D28: pre | G28: { "code": 0, "message": "成功", "data": { "id": 1, "order_no": "ORDER-2026-001", "status": "created" }, "trace_id": "..." } | H28: [data-testid="http-response-example"] | I28: w_get_text | J28: 否 | K28: 否 | L28: =IF(COUNTIF('操作方法覆盖'!$G$2:$G$104,B28)>0,"已覆盖","未直接覆盖") | M28: 只读/状态元素：定位、读取文本或作为结果验证元素 | N28: 待执行
A29: 28 | B29: http-error-example | C29: httpPage | D29: pre | G29: { "code": "CONFLICT", "message": "库存不足", "data": null, "trace_id": "..." } | H29: [data-testid="http-error-example"] | I29: w_get_text | J29: 否 | K29: 否 | L29: =IF(COUNTIF('操作方法覆盖'!$G$2:$G$104,B29)>0,"已覆盖","未直接覆盖") | M29: 只读/状态元素：定位、读取文本或作为结果验证元素 | N29: 待执行
A30: 29 | B30: bootstrap-form | C30: httpPage | D30: form | G30: 任务名称 随机种子 登录账号 普通员工 部门经理 财务经理 总经理 管理员 密码 创建运行并登录 切换账号 清理运行 | H30: [data-testid="bootstrap-form"] | I30: w_get_text | J30: 否 | K30: 否 | L30: =IF(COUNTIF('操作方法覆盖'!$G$2:$G$104,B30)>0,"已覆盖","未直接覆盖") | M30: 只读/状态元素：定位、读取文本或作为结果验证元素 | N30: 待执行
A31: 30 | B31: run-name | C31: httpPage | D31: input | H31: [data-testid="run-name"] | I31: w_input | J31: 是 | K31: 否 | L31: =IF(COUNTIF('操作方法覆盖'!$G$2:$G$104,B31)>0,"已覆盖","未直接覆盖") | M31: 进入交互元素逐一操作 | N31: 待执行
A32: 31 | B32: run-seed | C32: httpPage | D32: input | E32: number | H32: [data-testid="run-seed"] | I32: w_input | J32: 是 | K32: 否 | L32: =IF(COUNTIF('操作方法覆盖'!$G$2:$G$104,B32)>0,"已覆盖","未直接覆盖") | M32: 进入交互元素逐一操作 | N32: 待执行
A33: 32 | B33: login-username | C33: httpPage | D33: select | G33: 普通员工 部门经理 财务经理 总经理 管理员 | H33: [data-testid="login-username"] | I33: w_select_option | J33: 是 | K33: 否 | L33: =IF(COUNTIF('操作方法覆盖'!$G$2:$G$104,B33)>0,"已覆盖","未直接覆盖") | M33: 进入交互元素逐一操作 | N33: 待执行
A34: 33 | B34: login-password | C34: httpPage | D34: input | E34: password | H34: [data-testid="login-password"] | I34: w_input | J34: 是 | K34: 否 | L34: =IF(COUNTIF('操作方法覆盖'!$G$2:$G$104,B34)>0,"已覆盖","未直接覆盖") | M34: 进入交互元素逐一操作 | N34: 待执行
A35: 34 | B35: create-run-login | C35: httpPage | D35: button | E35: submit | G35: 创建运行并登录 | H35: [data-testid="create-run-login"] | I35: w_click | J35: 是 | K35: 否 | L35: =IF(COUNTIF('操作方法覆盖'!$G$2:$G$104,B35)>0,"已覆盖","未直接覆盖") | M35: 进入交互元素逐一操作 | N35: 待执行
A36: 35 | B36: switch-login | C36: httpPage | D36: button | E36: button | G36: 切换账号 | H36: [data-testid="switch-login"] | I36: w_click | J36: 是 | K36: 否 | L36: =IF(COUNTIF('操作方法覆盖'!$G$2:$G$104,B36)>0,"已覆盖","未直接覆盖") | M36: 进入交互元素逐一操作 | N36: 待执行
A37: 36 | B37: cleanup-run | C37: httpPage | D37: button | E37: button | G37: 清理运行 | H37: [data-testid="cleanup-run"] | I37: w_click | J37: 是 | K37: 否 | L37: =IF(COUNTIF('操作方法覆盖'!$G$2:$G$104,B37)>0,"已覆盖","未直接覆盖") | M37: 进入交互元素逐一操作 | N37: 待执行
A38: 37 | B38: order-form | C38: httpPage | D38: form | G38: 商品 请先加载商品 数量 幂等键 加载商品 创建订单 支付 退款 | H38: [data-testid="order-form"] | I38: w_get_text | J38: 否 | K38: 否 | L38: =IF(COUNTIF('操作方法覆盖'!$G$2:$G$104,B38)>0,"已覆盖","未直接覆盖") | M38: 只读/状态元素：定位、读取文本或作为结果验证元素 | N38: 待执行
A39: 38 | B39: order-product | C39: httpPage | D39: select | G39: 请先加载商品 | H39: [data-testid="order-product"] | I39: w_select_option | J39: 是 | K39: 否 | L39: =IF(COUNTIF('操作方法覆盖'!$G$2:$G$104,B39)>0,"已覆盖","未直接覆盖") | M39: 进入交互元素逐一操作 | N39: 待执行
A40: 39 | B40: order-quantity | C40: httpPage | D40: input | E40: number | H40: [data-testid="order-quantity"] | I40: w_input | J40: 是 | K40: 否 | L40: =IF(COUNTIF('操作方法覆盖'!$G$2:$G$104,B40)>0,"已覆盖","未直接覆盖") | M40: 进入交互元素逐一操作 | N40: 待执行
A41: 40 | B41: order-idempotency-key | C41: httpPage | D41: input | H41: [data-testid="order-idempotency-key"] | I41: w_input | J41: 是 | K41: 否 | L41: =IF(COUNTIF('操作方法覆盖'!$G$2:$G$104,B41)>0,"已覆盖","未直接覆盖") | M41: 进入交互元素逐一操作 | N41: 待执行
A42: 41 | B42: load-products | C42: httpPage | D42: button | E42: button | G42: 加载商品 | H42: [data-testid="load-products"] | I42: w_click | J42: 是 | K42: 否 | L42: =IF(COUNTIF('操作方法覆盖'!$G$2:$G$104,B42)>0,"已覆盖","未直接覆盖") | M42: 进入交互元素逐一操作 | N42: 待执行
A43: 42 | B43: create-order | C43: httpPage | D43: button | E43: submit | G43: 创建订单 | H43: [data-testid="create-order"] | I43: w_click | J43: 是 | K43: 否 | L43: =IF(COUNTIF('操作方法覆盖'!$G$2:$G$104,B43)>0,"已覆盖","未直接覆盖") | M43: 进入交互元素逐一操作 | N43: 待执行
A44: 43 | B44: pay-order | C44: httpPage | D44: button | E44: button | G44: 支付 | H44: [data-testid="pay-order"] | I44: w_click | J44: 是 | K44: 否 | L44: =IF(COUNTIF('操作方法覆盖'!$G$2:$G$104,B44)>0,"已覆盖","未直接覆盖") | M44: 进入交互元素逐一操作 | N44: 待执行
A45: 44 | B45: refund-order | C45: httpPage | D45: button | E45: button | G45: 退款 | H45: [data-testid="refund-order"] | I45: w_click | J45: 是 | K45: 否 | L45: =IF(COUNTIF('操作方法覆盖'!$G$2:$G$104,B45)>0,"已覆盖","未直接覆盖") | M45: 进入交互元素逐一操作 | N45: 待执行
A46: 45 | B46: order-id | C46: httpPage | D46: strong | G46: - | H46: [data-testid="order-id"] | I46: w_get_text | J46: 否 | K46: 否 | L46: =IF(COUNTIF('操作方法覆盖'!$G$2:$G$104,B46)>0,"已覆盖","未直接覆盖") | M46: 只读/状态元素：定位、读取文本或作为结果验证元素 | N46: 待执行
A47: 46 | B47: order-no | C47: httpPage | D47: strong | G47: - | H47: [data-testid="order-no"] | I47: w_get_text | J47: 否 | K47: 否 | L47: =IF(COUNTIF('操作方法覆盖'!$G$2:$G$104,B47)>0,"已覆盖","未直接覆盖") | M47: 只读/状态元素：定位、读取文本或作为结果验证元素 | N47: 待执行
A48: 47 | B48: order-status | C48: httpPage | D48: strong | G48: - | H48: [data-testid="order-status"] | I48: w_get_text | J48: 否 | K48: 否 | L48: =IF(COUNTIF('操作方法覆盖'!$G$2:$G$104,B48)>0,"已覆盖","未直接覆盖") | M48: 只读/状态元素：定位、读取文本或作为结果验证元素 | N48: 待执行
A49: 48 | B49: claim-form | C49: httpPage | D49: form | G49: 报销金额 报销原因 HTTP 创建申请 查询流程 审批当前节点 | H49: [data-testid="claim-form"] | I49: w_get_text | J49: 否 | K49: 否 | L49: =IF(COUNTIF('操作方法覆盖'!$G$2:$G$104,B49)>0,"已覆盖","未直接覆盖") | M49: 只读/状态元素：定位、读取文本或作为结果验证元素 | N49: 待执行
A50: 49 | B50: claim-amount | C50: httpPage | D50: input | E50: number | H50: [data-testid="claim-amount"] | I50: w_input | J50: 是 | K50: 否 | L50: =IF(COUNTIF('操作方法覆盖'!$G$2:$G$104,B50)>0,"已覆盖","未直接覆盖") | M50: 进入交互元素逐一操作 | N50: 待执行
A51: 50 | B51: claim-reason | C51: httpPage | D51: input | H51: [data-testid="claim-reason"] | I51: w_input | J51: 是 | K51: 否 | L51: =IF(COUNTIF('操作方法覆盖'!$G$2:$G$104,B51)>0,"已覆盖","未直接覆盖") | M51: 进入交互元素逐一操作 | N51: 待执行
A52: 51 | B52: create-claim | C52: httpPage | D52: button | E52: submit | G52: HTTP 创建申请 | H52: [data-testid="create-claim"] | I52: w_click | J52: 是 | K52: 否 | L52: =IF(COUNTIF('操作方法覆盖'!$G$2:$G$104,B52)>0,"已覆盖","未直接覆盖") | M52: 进入交互元素逐一操作 | N52: 待执行
A53: 52 | B53: query-claim | C53: httpPage | D53: button | E53: button | G53: 查询流程 | H53: [data-testid="query-claim"] | I53: w_click | J53: 是 | K53: 否 | L53: =IF(COUNTIF('操作方法覆盖'!$G$2:$G$104,B53)>0,"已覆盖","未直接覆盖") | M53: 进入交互元素逐一操作 | N53: 待执行
A54: 53 | B54: approve-claim | C54: httpPage | D54: button | E54: button | G54: 审批当前节点 | H54: [data-testid="approve-claim"] | I54: w_click | J54: 是 | K54: 否 | L54: =IF(COUNTIF('操作方法覆盖'!$G$2:$G$104,B54)>0,"已覆盖","未直接覆盖") | M54: 进入交互元素逐一操作 | N54: 待执行
A55: 54 | B55: claim-id | C55: httpPage | D55: strong | G55: - | H55: [data-testid="claim-id"] | I55: w_get_text | J55: 否 | K55: 否 | L55: =IF(COUNTIF('操作方法覆盖'!$G$2:$G$104,B55)>0,"已覆盖","未直接覆盖") | M55: 只读/状态元素：定位、读取文本或作为结果验证元素 | N55: 待执行
A56: 55 | B56: claim-status | C56: httpPage | D56: strong | G56: - | H56: [data-testid="claim-status"] | I56: w_get_text | J56: 否 | K56: 否 | L56: =IF(COUNTIF('操作方法覆盖'!$G$2:$G$104,B56)>0,"已覆盖","未直接覆盖") | M56: 只读/状态元素：定位、读取文本或作为结果验证元素 | N56: 待执行
A57: 56 | B57: claim-stage | C57: httpPage | D57: strong | G57: - | H57: [data-testid="claim-stage"] | I57: w_get_text | J57: 否 | K57: 否 | L57: =IF(COUNTIF('操作方法覆盖'!$G$2:$G$104,B57)>0,"已覆盖","未直接覆盖") | M57: 只读/状态元素：定位、读取文本或作为结果验证元素 | N57: 待执行
A58: 57 | B58: approval-timeline | C58: httpPage | D58: div | H58: [data-testid="approval-timeline"] | I58: w_get_text | J58: 否 | K58: 否 | L58: =IF(COUNTIF('操作方法覆盖'!$G$2:$G$104,B58)>0,"已覆盖","未直接覆盖") | M58: 只读/状态元素：定位、读取文本或作为结果验证元素 | N58: 待执行
A59: 58 | B59: review-form | C59: httpPage | D59: form | G59: 合同名称 执行时长 风险数量 启动审查 轮询一次 取消任务 | H59: [data-testid="review-form"] | I59: w_get_text | J59: 否 | K59: 否 | L59: =IF(COUNTIF('操作方法覆盖'!$G$2:$G$104,B59)>0,"已覆盖","未直接覆盖") | M59: 只读/状态元素：定位、读取文本或作为结果验证元素 | N59: 待执行
A60: 59 | B60: contract-name | C60: httpPage | D60: input | H60: [data-testid="contract-name"] | I60: w_input | J60: 是 | K60: 否 | L60: =IF(COUNTIF('操作方法覆盖'!$G$2:$G$104,B60)>0,"已覆盖","未直接覆盖") | M60: 进入交互元素逐一操作 | N60: 待执行
A61: 60 | B61: review-duration | C61: httpPage | D61: input | E61: number | H61: [data-testid="review-duration"] | I61: w_input | J61: 是 | K61: 否 | L61: =IF(COUNTIF('操作方法覆盖'!$G$2:$G$104,B61)>0,"已覆盖","未直接覆盖") | M61: 进入交互元素逐一操作 | N61: 待执行
A62: 61 | B62: risk-count | C62: httpPage | D62: input | E62: number | H62: [data-testid="risk-count"] | I62: w_input | J62: 是 | K62: 否 | L62: =IF(COUNTIF('操作方法覆盖'!$G$2:$G$104,B62)>0,"已覆盖","未直接覆盖") | M62: 进入交互元素逐一操作 | N62: 待执行
A63: 62 | B63: start-review | C63: httpPage | D63: button | E63: submit | G63: 启动审查 | H63: [data-testid="start-review"] | I63: w_click | J63: 是 | K63: 否 | L63: =IF(COUNTIF('操作方法覆盖'!$G$2:$G$104,B63)>0,"已覆盖","未直接覆盖") | M63: 进入交互元素逐一操作 | N63: 待执行
A64: 63 | B64: poll-review | C64: httpPage | D64: button | E64: button | G64: 轮询一次 | H64: [data-testid="poll-review"] | I64: w_click | J64: 是 | K64: 否 | L64: =IF(COUNTIF('操作方法覆盖'!$G$2:$G$104,B64)>0,"已覆盖","未直接覆盖") | M64: 进入交互元素逐一操作 | N64: 待执行
A65: 64 | B65: cancel-review | C65: httpPage | D65: button | E65: button | G65: 取消任务 | H65: [data-testid="cancel-review"] | I65: w_click | J65: 是 | K65: 否 | L65: =IF(COUNTIF('操作方法覆盖'!$G$2:$G$104,B65)>0,"已覆盖","未直接覆盖") | M65: 进入交互元素逐一操作 | N65: 待执行
A66: 65 | B66: review-progress | C66: httpPage | D66: progress | H66: [data-testid="review-progress"] | I66: w_get_text | J66: 否 | K66: 否 | L66: =IF(COUNTIF('操作方法覆盖'!$G$2:$G$104,B66)>0,"已覆盖","未直接覆盖") | M66: 只读/状态元素：定位、读取文本或作为结果验证元素 | N66: 待执行
A67: 66 | B67: review-status | C67: httpPage | D67: strong | G67: 未开始 | H67: [data-testid="review-status"] | I67: w_get_text | J67: 否 | K67: 否 | L67: =IF(COUNTIF('操作方法覆盖'!$G$2:$G$104,B67)>0,"已覆盖","未直接覆盖") | M67: 只读/状态元素：定位、读取文本或作为结果验证元素 | N67: 待执行
A68: 67 | B68: business-result | C68: httpPage | D68: pre | G68: 等待操作 | H68: [data-testid="business-result"] | I68: w_get_text | J68: 否 | K68: 否 | L68: =IF(COUNTIF('操作方法覆盖'!$G$2:$G$104,B68)>0,"已覆盖","未直接覆盖") | M68: 只读/状态元素：定位、读取文本或作为结果验证元素 | N68: 待执行
A69: 68 | B69: components-page | C69: global | D69: section | G69: WEB UI 操作全覆盖 覆盖平台执行器的元素、浏览器、输入设备、页签和元素断言能力 103 项能力 执行器操作目录 每个方法均提供稳定的操作目标和可断言结果。 重置实验区 38 元素操作 22 浏览器操作 17 输入设备 9 页签操作 17 元素断言 元素与事件操作 指针事件 单击 双击 强制单击 悬停 右键 触摸点 | H69: [data-testid="components-page"] | I69: w_get_text | J69: 否 | K69: 否 | L69: =IF(COUNTIF('操作方法覆盖'!$G$2:$G$104,B69)>0,"已覆盖","未直接覆盖") | M69: 只读/状态元素：定位、读取文本或作为结果验证元素 | N69: 待执行
A70: 69 | B70: ui-operation-total | C70: componentsPage | D70: span | G70: 103 项能力 | H70: [data-testid="ui-operation-total"] | I70: w_get_text | J70: 否 | K70: 否 | L70: =IF(COUNTIF('操作方法覆盖'!$G$2:$G$104,B70)>0,"已覆盖","未直接覆盖") | M70: 只读/状态元素：定位、读取文本或作为结果验证元素 | N70: 待执行
A71: 70 | B71: ui-operation-catalog-panel | C71: componentsPage | D71: section | G71: 执行器操作目录 每个方法均提供稳定的操作目标和可断言结果。 重置实验区 38 元素操作 22 浏览器操作 17 输入设备 9 页签操作 17 元素断言 | H71: [data-testid="ui-operation-catalog-panel"] | I71: w_get_text | J71: 否 | K71: 否 | L71: =IF(COUNTIF('操作方法覆盖'!$G$2:$G$104,B71)>0,"已覆盖","未直接覆盖") | M71: 只读/状态元素：定位、读取文本或作为结果验证元素 | N71: 待执行
A72: 71 | B72: reset-operation-lab | C72: componentsPage | D72: button | E72: button | G72: 重置实验区 | H72: [data-testid="reset-operation-lab"] | I72: w_click | J72: 是 | K72: 否 | L72: =IF(COUNTIF('操作方法覆盖'!$G$2:$G$104,B72)>0,"已覆盖","未直接覆盖") | M72: 进入交互元素逐一操作 | N72: 待执行
A73: 72 | B73: operation-summary | C73: componentsPage | D73: div | G73: 38 元素操作 22 浏览器操作 17 输入设备 9 页签操作 17 元素断言 | H73: [data-testid="operation-summary"] | I73: w_get_text | J73: 否 | K73: 否 | L73: =IF(COUNTIF('操作方法覆盖'!$G$2:$G$104,B73)>0,"已覆盖","未直接覆盖") | M73: 只读/状态元素：定位、读取文本或作为结果验证元素 | N73: 待执行
A74: 73 | B74: operation-catalog | C74: componentsPage | D74: div | H74: [data-testid="operation-catalog"] | I74: w_get_text | J74: 否 | K74: 否 | L74: =IF(COUNTIF('操作方法覆盖'!$G$2:$G$104,B74)>0,"已覆盖","未直接覆盖") | M74: 只读/状态元素：定位、读取文本或作为结果验证元素 | N74: 待执行
A75: 74 | B75: element-operation-panel | C75: componentsPage | D75: section | G75: 元素与事件操作 指针事件 单击 双击 强制单击 悬停 右键 触摸点击 多元素与事件派发 批量 1 批量 2 批量 3 派发 change / click 文本与属性读取 Mango Mock 可读取文本 子节点文本 Alpha Beta Gamma 等待 UI 操作 | H75: [data-testid="element-operation-panel"] | I75: w_get_text | J75: 否 | K75: 否 | L75: =IF(COUNTIF('操作方法覆盖'!$G$2:$G$104,B75)>0,"已覆盖","未直接覆盖") | M75: 只读/状态元素：定位、读取文本或作为结果验证元素 | N75: 待执行
A76: 75 | B76: single-click-target | C76: componentsPage | D76: button | E76: button | G76: 单击 | H76: [data-testid="single-click-target"] | I76: w_click | J76: 是 | K76: 否 | L76: =IF(COUNTIF('操作方法覆盖'!$G$2:$G$104,B76)>0,"已覆盖","未直接覆盖") | M76: 进入交互元素逐一操作 | N76: 待执行
A77: 76 | B77: double-click-target | C77: componentsPage | D77: button | E77: button | G77: 双击 | H77: [data-testid="double-click-target"] | I77: w_click | J77: 是 | K77: 否 | L77: =IF(COUNTIF('操作方法覆盖'!$G$2:$G$104,B77)>0,"已覆盖","未直接覆盖") | M77: 进入交互元素逐一操作 | N77: 待执行
A78: 77 | B78: force-click-target | C78: componentsPage | D78: button | E78: button | G78: 强制单击 | H78: [data-testid="force-click-target"] | I78: w_click | J78: 是 | K78: 否 | L78: =IF(COUNTIF('操作方法覆盖'!$G$2:$G$104,B78)>0,"已覆盖","未直接覆盖") | M78: 进入交互元素逐一操作 | N78: 待执行
A79: 78 | B79: hover-target | C79: componentsPage | D79: button | E79: button | G79: 悬停 | H79: [data-testid="hover-target"] | I79: w_click | J79: 是 | K79: 否 | L79: =IF(COUNTIF('操作方法覆盖'!$G$2:$G$104,B79)>0,"已覆盖","未直接覆盖") | M79: 进入交互元素逐一操作 | N79: 待执行
A80: 79 | B80: right-click-target | C80: componentsPage | D80: button | E80: button | G80: 右键 | H80: [data-testid="right-click-target"] | I80: w_click | J80: 是 | K80: 否 | L80: =IF(COUNTIF('操作方法覆盖'!$G$2:$G$104,B80)>0,"已覆盖","未直接覆盖") | M80: 进入交互元素逐一操作 | N80: 待执行
A81: 80 | B81: tap-target | C81: componentsPage | D81: button | E81: button | G81: 触摸点击 | H81: [data-testid="tap-target"] | I81: w_click | J81: 是 | K81: 否 | L81: =IF(COUNTIF('操作方法覆盖'!$G$2:$G$104,B81)>0,"已覆盖","未直接覆盖") | M81: 进入交互元素逐一操作 | N81: 待执行
A82: 81 | B82: many-click-targets | C82: componentsPage | D82: div | G82: 批量 1 批量 2 批量 3 | H82: [data-testid="many-click-targets"] | I82: w_get_text | J82: 否 | K82: 否 | L82: =IF(COUNTIF('操作方法覆盖'!$G$2:$G$104,B82)>0,"已覆盖","未直接覆盖") | M82: 只读/状态元素：定位、读取文本或作为结果验证元素 | N82: 待执行
A83: 82 | B83: many-click-1 | C83: componentsPage | D83: button | E83: button | G83: 批量 1 | H83: [data-testid="many-click-1"] | I83: w_click | J83: 是 | K83: 否 | L83: =IF(COUNTIF('操作方法覆盖'!$G$2:$G$104,B83)>0,"已覆盖","未直接覆盖") | M83: 进入交互元素逐一操作 | N83: 待执行
A84: 83 | B84: many-click-2 | C84: componentsPage | D84: button | E84: button | G84: 批量 2 | H84: [data-testid="many-click-2"] | I84: w_click | J84: 是 | K84: 否 | L84: =IF(COUNTIF('操作方法覆盖'!$G$2:$G$104,B84)>0,"已覆盖","未直接覆盖") | M84: 进入交互元素逐一操作 | N84: 待执行
A85: 84 | B85: many-click-3 | C85: componentsPage | D85: button | E85: button | G85: 批量 3 | H85: [data-testid="many-click-3"] | I85: w_click | J85: 是 | K85: 否 | L85: =IF(COUNTIF('操作方法覆盖'!$G$2:$G$104,B85)>0,"已覆盖","未直接覆盖") | M85: 进入交互元素逐一操作 | N85: 待执行
A86: 85 | B86: dispatch-event-target | C86: componentsPage | D86: button | E86: button | G86: 派发 change / click | H86: [data-testid="dispatch-event-target"] | I86: w_click | J86: 是 | K86: 否 | L86: =IF(COUNTIF('操作方法覆盖'!$G$2:$G$104,B86)>0,"已覆盖","未直接覆盖") | M86: 进入交互元素逐一操作 | N86: 待执行
A87: 86 | B87: read-text-target | C87: componentsPage | D87: p | G87: Mango Mock 可读取文本 子节点文本 | H87: [data-testid="read-text-target"] | I87: w_get_text | J87: 否 | K87: 否 | L87: =IF(COUNTIF('操作方法覆盖'!$G$2:$G$104,B87)>0,"已覆盖","未直接覆盖") | M87: 只读/状态元素：定位、读取文本或作为结果验证元素 | N87: 待执行
A88: 87 | B88: read-text-child | C88: componentsPage | D88: span | G88: 子节点文本 | H88: [data-testid="read-text-child"] | I88: w_get_text | J88: 否 | K88: 否 | L88: =IF(COUNTIF('操作方法覆盖'!$G$2:$G$104,B88)>0,"已覆盖","未直接覆盖") | M88: 只读/状态元素：定位、读取文本或作为结果验证元素 | N88: 待执行
A89: 88 | B89: multiple-text-targets | C89: componentsPage | D89: div | G89: Alpha Beta Gamma | H89: [data-testid="multiple-text-targets"] | I89: w_get_text | J89: 否 | K89: 否 | L89: =IF(COUNTIF('操作方法覆盖'!$G$2:$G$104,B89)>0,"已覆盖","未直接覆盖") | M89: 只读/状态元素：定位、读取文本或作为结果验证元素 | N89: 待执行
A90: 89 | B90: operation-event-log | C90: componentsPage | D90: pre | G90: 等待 UI 操作 | H90: [data-testid="operation-event-log"] | I90: w_get_text | J90: 否 | K90: 否 | L90: =IF(COUNTIF('操作方法覆盖'!$G$2:$G$104,B90)>0,"已覆盖","未直接覆盖") | M90: 只读/状态元素：定位、读取文本或作为结果验证元素 | N90: 待执行
A91: 90 | B91: keyboard-pointer-panel | C91: componentsPage | D91: section | G91: 键盘、鼠标与滚动 键盘输入目标 坐标与鼠标目标 x: 0 / y: 0 横纵滚动目标 滚动区域 1200 × 600 键盘事件 0 指针事件 0 滚动位置 0, 0 | H91: [data-testid="keyboard-pointer-panel"] | I91: w_get_text | J91: 否 | K91: 否 | L91: =IF(COUNTIF('操作方法覆盖'!$G$2:$G$104,B91)>0,"已覆盖","未直接覆盖") | M91: 只读/状态元素：定位、读取文本或作为结果验证元素 | N91: 待执行
A92: 91 | B92: keyboard-target | C92: componentsPage | D92: textarea | H92: [data-testid="keyboard-target"] | I92: w_input | J92: 是 | K92: 否 | L92: =IF(COUNTIF('操作方法覆盖'!$G$2:$G$104,B92)>0,"已覆盖","未直接覆盖") | M92: 进入交互元素逐一操作 | N92: 待执行
A93: 92 | B93: coordinate-pad | C93: componentsPage | D93: div | G93: x: 0 / y: 0 | H93: [data-testid="coordinate-pad"] | I93: w_click | J93: 是 | K93: 否 | L93: =IF(COUNTIF('操作方法覆盖'!$G$2:$G$104,B93)>0,"已覆盖","未直接覆盖") | M93: 进入交互元素逐一操作 | N93: 待执行
A94: 93 | B94: coordinate-marker | C94: componentsPage | D94: span | G94: x: 0 / y: 0 | H94: [data-testid="coordinate-marker"] | I94: w_get_text | J94: 否 | K94: 否 | L94: =IF(COUNTIF('操作方法覆盖'!$G$2:$G$104,B94)>0,"已覆盖","未直接覆盖") | M94: 只读/状态元素：定位、读取文本或作为结果验证元素 | N94: 待执行
A95: 94 | B95: scroll-operation-target | C95: componentsPage | D95: div | G95: 滚动区域 1200 × 600 | H95: [data-testid="scroll-operation-target"] | I95: w_click | J95: 是 | K95: 否 | L95: =IF(COUNTIF('操作方法覆盖'!$G$2:$G$104,B95)>0,"已覆盖","未直接覆盖") | M95: 进入交互元素逐一操作 | N95: 待执行
A96: 95 | B96: scroll-operation-content | C96: componentsPage | D96: div | G96: 滚动区域 1200 × 600 | H96: [data-testid="scroll-operation-content"] | I96: w_get_text | J96: 否 | K96: 否 | L96: =IF(COUNTIF('操作方法覆盖'!$G$2:$G$104,B96)>0,"已覆盖","未直接覆盖") | M96: 只读/状态元素：定位、读取文本或作为结果验证元素 | N96: 待执行
A97: 96 | B97: keyboard-event-status | C97: componentsPage | D97: strong | G97: 0 | H97: [data-testid="keyboard-event-status"] | I97: w_get_text | J97: 否 | K97: 否 | L97: =IF(COUNTIF('操作方法覆盖'!$G$2:$G$104,B97)>0,"已覆盖","未直接覆盖") | M97: 只读/状态元素：定位、读取文本或作为结果验证元素 | N97: 待执行
A98: 97 | B98: pointer-event-status | C98: componentsPage | D98: strong | G98: 0 | H98: [data-testid="pointer-event-status"] | I98: w_get_text | J98: 否 | K98: 否 | L98: =IF(COUNTIF('操作方法覆盖'!$G$2:$G$104,B98)>0,"已覆盖","未直接覆盖") | M98: 只读/状态元素：定位、读取文本或作为结果验证元素 | N98: 待执行
A99: 98 | B99: scroll-event-status | C99: componentsPage | D99: strong | G99: 0, 0 | H99: [data-testid="scroll-event-status"] | I99: w_get_text | J99: 否 | K99: 否 | L99: =IF(COUNTIF('操作方法覆盖'!$G$2:$G$104,B99)>0,"已覆盖","未直接覆盖") | M99: 只读/状态元素：定位、读取文本或作为结果验证元素 | N99: 待执行
A100: 99 | B100: browser-operation-panel | C100: componentsPage | D100: section | G100: 浏览器、存储与页签 原生浏览器弹窗 Alert Confirm Prompt 未触发 Cookie 与 Storage 写入 清理 读取请求头 未写入 历史与新页签 写入历史 新建页签 点击打开新页签 history-0 | H100: [data-testid="browser-operation-panel"] | I100: w_get_text | J100: 否 | K100: 否 | L100: =IF(COUNTIF('操作方法覆盖'!$G$2:$G$104,B100)>0,"已覆盖","未直接覆盖") | M100: 只读/状态元素：定位、读取文本或作为结果验证元素 | N100: 待执行
A101: 100 | B101: native-alert | C101: componentsPage | D101: button | E101: button | G101: Alert | H101: [data-testid="native-alert"] | I101: w_click | J101: 是 | K101: 否 | L101: =IF(COUNTIF('操作方法覆盖'!$G$2:$G$104,B101)>0,"已覆盖","未直接覆盖") | M101: 进入交互元素逐一操作 | N101: 待执行
A102: 101 | B102: native-confirm | C102: componentsPage | D102: button | E102: button | G102: Confirm | H102: [data-testid="native-confirm"] | I102: w_click | J102: 是 | K102: 否 | L102: =IF(COUNTIF('操作方法覆盖'!$G$2:$G$104,B102)>0,"已覆盖","未直接覆盖") | M102: 进入交互元素逐一操作 | N102: 待执行
A103: 102 | B103: native-prompt | C103: componentsPage | D103: button | E103: button | G103: Prompt | H103: [data-testid="native-prompt"] | I103: w_click | J103: 是 | K103: 否 | L103: =IF(COUNTIF('操作方法覆盖'!$G$2:$G$104,B103)>0,"已覆盖","未直接覆盖") | M103: 进入交互元素逐一操作 | N103: 待执行
A104: 103 | B104: native-dialog-result | C104: componentsPage | D104: span | G104: 未触发 | H104: [data-testid="native-dialog-result"] | I104: w_get_text | J104: 否 | K104: 否 | L104: =IF(COUNTIF('操作方法覆盖'!$G$2:$G$104,B104)>0,"已覆盖","未直接覆盖") | M104: 只读/状态元素：定位、读取文本或作为结果验证元素 | N104: 待执行
...

Sheet 交互元素逐一操作
A1: 执行序号 | B1: 用例ID | C1: 所属页面 | D1: 元素ID | E1: 定位表达式 | F1: 控件类型 | G1: 执行方法 | H1: 参数(JSON) | I1: 前置导航/业务条件 | J1: 预期结果 | K1: 风险级别 | L1: 恢复/清理动作 | M1: 执行状态 | N1: 备注
A2: 1 | B2: UI-EL-001 | C2: global | D2: skip-to-content | E2: [data-testid="skip-to-content"] | F2: a | G2: w_click | H2: {} | I2: 打开首页 | J2: 链接可点击并打开正确地址；新页签用例执行后关闭页签 | K2: 低 | L2: 关闭新页签并切回首页 | M2: 待执行
A3: 2 | B3: UI-EL-002 | C3: global | D3: nav-scenarios | E3: [data-testid="nav-scenarios"] | F3: button | G3: w_click | H3: {} | I3: 打开首页 | J3: 控件可操作，页面状态、事件日志或目标业务结果发生预期变化 | K3: 低 | L3: 无需清理 | M3: 待执行
A4: 3 | B4: UI-EL-003 | C4: global | D4: nav-business | E4: [data-testid="nav-business"] | F4: button | G4: w_click | H4: {} | I4: 打开首页 | J4: 控件可操作，页面状态、事件日志或目标业务结果发生预期变化 | K4: 低 | L4: 无需清理 | M4: 待执行
A5: 4 | B5: UI-EL-004 | C5: global | D5: nav-sse | E5: [data-testid="nav-sse"] | F5: button | G5: w_click | H5: {} | I5: 打开首页 | J5: 控件可操作，页面状态、事件日志或目标业务结果发生预期变化 | K5: 低 | L5: 无需清理 | M5: 待执行
A6: 5 | B6: UI-EL-005 | C6: global | D6: nav-websocket | E6: [data-testid="nav-websocket"] | F6: button | G6: w_click | H6: {} | I6: 打开首页 | J6: 控件可操作，页面状态、事件日志或目标业务结果发生预期变化 | K6: 低 | L6: 无需清理 | M6: 待执行
A7: 6 | B7: UI-EL-006 | C7: global | D7: nav-mcp | E7: [data-testid="nav-mcp"] | F7: button | G7: w_click | H7: {} | I7: 打开首页 | J7: 控件可操作，页面状态、事件日志或目标业务结果发生预期变化 | K7: 低 | L7: 无需清理 | M7: 待执行
A8: 7 | B8: UI-EL-007 | C8: global | D8: nav-grpc | E8: [data-testid="nav-grpc"] | F8: button | G8: w_click | H8: {} | I8: 打开首页 | J8: 控件可操作，页面状态、事件日志或目标业务结果发生预期变化 | K8: 低 | L8: 无需清理 | M8: 待执行
A9: 8 | B9: UI-EL-008 | C9: global | D9: nav-components | E9: [data-testid="nav-components"] | F9: button | G9: w_click | H9: {} | I9: 打开首页 | J9: 控件可操作，页面状态、事件日志或目标业务结果发生预期变化 | K9: 低 | L9: 无需清理 | M9: 待执行
A10: 9 | B10: UI-EL-009 | C10: scenariosPage | D10: scenario-protocol | E10: [data-testid="scenario-protocol"] | F10: select | G10: w_select_option | H10: {"values":"http"} | I10: 点击 nav-scenarios | J10: 下拉框选中指定 value | K10: 低 | L10: 无需清理 | M10: 待执行
A11: 10 | B11: UI-EL-010 | C11: scenariosPage | D11: scenario-keyword | E11: [data-testid="scenario-keyword"] | F11: input | G11: w_input | H11: {"input_value":"AUTO_UI_CASE"} | I11: 点击 nav-scenarios | J11: 输入值与 Excel 参数一致，并触发 input/change 事件 | K11: 低 | L11: 无需清理 | M11: 待执行
A12: 11 | B12: UI-EL-011 | C12: scenariosPage | D12: refresh-scenarios | E12: [data-testid="refresh-scenarios"] | F12: button[button] | G12: w_click | H12: {} | I12: 点击 nav-scenarios | J12: 控件可操作，页面状态、事件日志或目标业务结果发生预期变化 | K12: 低 | L12: 无需清理 | M12: 待执行
A13: 12 | B13: UI-EL-012 | C13: httpPage | D13: open-swagger | E13: [data-testid="open-swagger"] | F13: a | G13: w_click | H13: {} | I13: 打开首页并切换到目标模块 | J13: 链接可点击并打开正确地址；新页签用例执行后关闭页签 | K13: 中 | L13: 关闭新页签并切回首页 | M13: 待执行
... A19: 18 | B19: UI-EL-018 | C19: httpPage | D19: switch-login | E19: [data-testid="switch-login"] | F19: button[button] | G19: w_click | H19: {} | I19: 打开首页并切换到目标模块 | J19: 控件可操作，页面状态、事件日志或目标业务结果发生预期变化 | K19: 低 | L19: 无需清理 | M19: 待执行
A20: 19 | B20: UI-EL-019 | C20: httpPage | D20: cleanup-run | E20: [data-testid="cleanup-run"] | F20: button[button] | G20: w_click | H20: {} | I20: 打开首页并切换到目标模块 | J20: 控件可操作，页面状态、事件日志或目标业务结果发生预期变化 | K20: 高 | L20: 必须最后执行；清理后不再执行依赖该运行的用例 | M20: 待执行 | N20: 调整执行顺序到全部业务用例之后
A21: 20 | B21: UI-EL-020 | C21: httpPage | D21: order-product | E21: [data-testid="order-product"] | F21: select | G21: w_select_option | H21: {"values":"请先加载商品"} | I21: 打开首页并切换到目标模块 | J21: 下拉框选中指定 value | K21: 低 | L21: 无需清理 | M21: 待执行
A22: 21 | B22: UI-EL-021 | C22: httpPage | D22: order-quantity | E22: [data-testid="order-quantity"] | F22: input[number] | G22: w_input | H22: {"input_value":2} | I22: 打开首页并切换到目标模块 | J22: 输入值与 Excel 参数一致，并触发 input/change 事件 | K22: 低 | L22: 无需清理 | M22: 待执行
A23: 22 | B23: UI-EL-022 | C23: httpPage | D23: order-idempotency-key | E23: [data-testid="order-idempotency-key"] | F23: input | G23: w_input | H23: {"input_value":"AUTO_UI_CASE"} | I23: 打开首页并切换到目标模块 | J23: 输入值与 Excel 参数一致，并触发 input/change 事件 | K23: 低 | L23: 无需清理 | M23: 待执行
A24: 23 | B24: UI-EL-023 | C24: httpPage | D24: load-products | E24: [data-testid="load-products"] | F24: button[button] | G24: w_click | H24: {} | I24: 打开首页并切换到目标模块 | J24: 控件可操作，页面状态、事件日志或目标业务结果发生预期变化 | K24: 低 | L24: 无需清理 | M24: 待执行
A25: 24 | B25: UI-EL-024 | C25: httpPage | D25: create-order | E25: [data-testid="create-order"] | F25: button[submit] | G25: w_click | H25: {} | I25: 打开首页并切换到目标模块 | J25: 控件可操作，页面状态、事件日志或目标业务结果发生预期变化 | K25: 低 | L25: 由 test_run 级清理统一回收业务数据 | M25: 待执行
A26: 25 | B26: UI-EL-025 | C26: httpPage | D26: pay-order | E26: [data-testid="pay-order"] | F26: button[button] | G26: w_click | H26: {} | I26: 打开首页并切换到目标模块 | J26: 控件可操作，页面状态、事件日志或目标业务结果发生预期变化 | K26: 高 | L26: 无需清理 | M26: 待执行
A27: 26 | B27: UI-EL-026 | C27: httpPage | D27: refund-order | E27: [data-testid="refund-order"] | F27: button[button] | G27: w_click | H27: {} | I27: 打开首页并切换到目标模块 | J27: 控件可操作，页面状态、事件日志或目标业务结果发生预期变化 | K27: 高 | L27: 无需清理 | M27: 待执行
A28: 27 | B28: UI-EL-027 | C28: httpPage | D28: claim-amount | E28: [data-testid="claim-amount"] | F28: input[number] | G28: w_input | H28: {"input_value":2} | I28: 打开首页并切换到目标模块 | J28: 输入值与 Excel 参数一致，并触发 input/change 事件 | K28: 低 | L28: 无需清理 | M28: 待执行
A29: 28 | B29: UI-EL-028 | C29: httpPage | D29: claim-reason | E29: [data-testid="claim-reason"] | F29: input | G29: w_input | H29: {"input_value":"AUTO_UI_CASE"} | I29: 打开首页并切换到目标模块 | J29: 输入值与 Excel 参数一致，并触发 input/change 事件 | K29: 低 | L29: 无需清理 | M29: 待执行
A30: 29 | B30: UI-EL-029 | C30: httpPage | D30: create-claim | E30: [data-testid="create-claim"] | F30: button[submit] | G30: w_click | H30: {} | I30: 打开首页并切换到目标模块 | J30: 控件可操作，页面状态、事件日志或目标业务结果发生预期变化 | K30: 低 | L30: 由 test_run 级清理统一回收业务数据 | M30: 待执行
A31: 30 | B31: UI-EL-030 | C31: httpPage | D31: query-claim | E31: [data-testid="query-claim"] | F31: button[button] | G31: w_click | H31: {} | I31: 打开首页并切换到目标模块 | J31: 控件可操作，页面状态、事件日志或目标业务结果发生预期变化 | K31: 低 | L31: 无需清理 | M31: 待执行
A32: 31 | B32: UI-EL-031 | C32: httpPage | D32: approve-claim | E32: [data-testid="approve-claim"] | F32: button[button] | G32: w_click | H32: {} | I32: 打开首页并切换到目标模块 | J32: 控件可操作，页面状态、事件日志或目标业务结果发生预期变化 | K32: 高 | L32: 无需清理 | M32: 待执行
... A131: 130 | B131: UI-EL-130 | C131: global | D131: confirm-modal | E131: [data-testid="confirm-modal"] | F131: button | G131: w_click | H131: {} | I131: 打开首页 | J131: 控件可操作，页面状态、事件日志或目标业务结果发生预期变化 | K131: 低 | L131: 无需清理 | M131: 待执行

Sheet 参数字典
A1: Excel UI 用例字段与参数字典
A3: 字段 | B3: 允许值/格式 | C3: 说明 | D3: 执行器解析规则 | E3: 示例 | F3: 注意事项
A4: 定位方式 | B4: TEST_ID | C4: 统一稳定定位 | D4: 转换为 page.get_by_test_id(element_id) 或 CSS locator | E4: single-click-target | F4: 禁止旧ID
A5: 定位表达式 | B5: [data-testid="..."] | C5: 可直接交给 Playwright | D5: 按 CSS 定位 | E5: [data-testid="single-click-target"] | F5: ID必须唯一
A6: 参数(JSON) | B6: JSON Object | C6: 只保存非 Locator 参数 | D6: locating 参数由元素ID自动注入 | E6: {"input_value":"AUTO"} | F6: 严格 JSON
A7: target_element_id | B7: 元素ID | C7: 双元素操作第二目标 | D7: 解析为 locating2 | E7: drop-target | F7: 用于 drag_to/新页签
A8: 缓存键 | B8: 字符串 | C8: 读取类方法保存结果 | D8: 写入 BaseData.test_data | E8: ui_read_text | F8: 同一用例内唯一
A9: test_run_id | B9: 运行时变量 | C9: 新版 Mock 隔离ID | D9: 执行前通过 API 创建并注入 Header | E9: ${test_run_id} | F9: 不可跨运行复用
A10: 执行状态 | B10: 待执行/执行中/通过/失败/阻塞/不适用 | C10: 测试结果 | D10: 由执行器回写 | E10: 待执行 | F10: 失败需截图
A11: 优先级 | B11: P0/P1/P2 | C11: P0为主链路 | D11: 用于筛选执行 | E11: P0 | F11: P0先运行
A12: 风险级别 | B12: 低/中/高 | C12: 页面副作用 | D12: 高风险串行并最后清理 | E12: 高 | F12: cleanup-run最后执行
A13: 输入数据前缀 | B13: AUTO_ | C13: 便于识别测试数据 | D13: Factory生成 | E13: AUTO_UI_CASE | F13: 不要写真实数据
A14: 截图路径 | B14: ${screenshot_dir}/name.png | C14: 由运行时替换目录 | D14: 传给 w_screenshot/w_ele_screenshot | E14: ${screenshot_dir}/page.png | F14: 目录需存在
... A17: 异常 | B17: MangoAutomationError | C17: 明确的自动化异常 | D17: 记录错误码、元素ID、方法和参数 | E17: MangoAutomationError | F17: 禁止吞异常
